Media Filename,Media Caption
media/29ef2e57-bf50-49d7-93ca-e40e249f954a.jpg,""
media/8688f87a-c7d7-4129-aeff-7368f5b2f577.jpg,""
media/3b34434f-d6f1-45bb-b808-b11d541a687a.jpg,""
media/146da707-bb48-40db-84fd-21ba744ff8c2.jpg,""
media/cf02b88a-81e8-4c9d-8ac7-a32e8cd22ee2.jpg,""
media/29741e6f-97ec-4fe5-bbc7-daa89a1fa748.jpg,""
media/14136768-591c-4ce6-9487-9771b27bda76.jpg,""
media/d98bd1d1-dc1c-482c-bec2-f31c7dee55ad.jpg,""
media/614a669d-3796-42e8-9b49-761208a7b37c.jpg,""
media/14b0869e-1cf3-4fe1-ac8f-0194db68024a.jpg,""
media/dd31e664-5519-42d2-bade-df021bfa4a75.jpg,""
media/69485473-d3ad-4ac8-8161-201353f29c74.jpg,""
media/4497da03-810e-4ee3-85eb-a4eea77401f8.jpg,""
media/b5f43e07-e883-4ffa-8b10-07c054e16f62.jpg,""
media/9fd3daa0-f03d-43f0-8162-b29e82cfc325.jpg,""
media/6bb9d7eb-2968-4a3a-a1f2-f226e41a6447.jpg,""
media/a4e0d848-3ee5-44dc-9bae-c6dc5fa146b6.jpg,""
media/aabdef16-90a2-41d5-ac5d-8e3b7599d884.jpg,""
media/a508abb3-8afc-471f-877b-6ca015605151.jpg,""
media/3613533f-5873-4e93-9aca-4683d5e2cb91.jpg,""
media/2d6b62f1-9320-4ff8-80af-6e5a8a02b6d8.jpg,""
media/7d960f38-8508-4edb-b0e8-fd24e7b95ff5.jpg,""
media/62a71f7d-3c61-462e-9f82-2569d50bd4dd.jpg,""
media/6dfa9478-c6bd-47a7-bd2a-4c38e985c453.jpg,""
media/79e8f3d5-88eb-46af-80a0-bd8382096159.jpg,""
media/06aab878-21af-4db4-aa6c-0f0dc6f6c949.jpg,""
media/82c396a0-2e52-4f64-894e-8732fd14946d.jpg,""
media/e1eee4e8-1b4e-4bcf-b022-5984061b9d85.jpg,1:57.218 final 800
media/e9de1fd1-7e7b-4be1-a8b0-a90e0396447a.jpg,""
media/8ad64a6d-7c04-46fc-9dc1-a4eaaa16b17b.jpg,""
media/5a947143-dc26-42cf-a3c7-62d7b6763936.jpg,""
media/13aa29c0-84e4-4f44-b987-62a30d7a83a5.jpg,""
media/19804395-968f-43de-9603-7672d6ac2292.jpg,""
media/079741c1-3828-4d8c-8b33-7c9b2527a4bc.jpg,""
media/df56cb92-4fdd-4785-b86c-286acb44fddb.jpg,""
media/4006e90a-08a2-4693-bc3d-cd461fc3bd78.jpg,""
media/cee0e4f6-30df-4e36-b12b-d3a57fef0931.jpg,""
media/fccc14fc-b3b7-450f-8d2d-c1ab5d29a224.jpg,""
media/dd99bcf9-30d3-4ca8-8d53-94aba944281c.jpg,""
media/9c74916f-03ac-4ce0-a3d7-dcc4ac0756a7.jpg,Neel after incomplete rotation
