IP Address,Login Source,Login Date & Time
199.80.248.2,Mobile,"Mar 29, 2019, 8:03:56 PM"
2600:1700:dac0:132f:60b5:b106:e44f:a531,Mobile,"Apr 26, 2021, 10:21:56 PM"
76.218.105.35,Web,"Apr 26, 2021, 10:25:24 PM"
172.58.30.128,Web,"Jul 25, 2021, 10:15:22 AM"
128.237.82.12,Web,"Sep 13, 2021, 12:16:55 PM"
98.42.9.80,Web,"Jan 7, 2022, 12:27:09 AM"
128.237.82.4,Web,"Jan 25, 2022, 4:45:18 AM"
128.237.82.4,Web,"Jan 28, 2022, 2:53:58 PM"
128.237.82.12,Web,"Mar 23, 2022, 12:44:55 PM"
98.100.28.227,Web,"May 27, 2022, 1:59:18 AM"
128.2.149.7,Web,"Aug 27, 2023, 1:49:27 PM"
2601:547:900:9010:3946:406f:e140:b780,Web,"Sep 20, 2023, 1:27:51 AM"
2601:547:900:9010:10d5:b959:1ce7:1d71,Web,"Sep 22, 2023, 12:27:04 PM"
2601:547:900:9010:b692:12ea:8308:6343,Web,"Sep 22, 2023, 12:37:12 PM"
128.237.82.16,Web,"Sep 22, 2023, 4:06:56 PM"
128.237.82.16,Web,"Sep 22, 2023, 9:50:03 PM"
2601:547:900:9010:5677:3b60:507a:efff,Web,"Sep 23, 2023, 12:43:50 AM"
2607:fb91:bd4e:896:ad2:a251:8245:da7c,Web,"Sep 23, 2023, 5:55:30 PM"
2607:fb91:bd4e:896:ad2:a251:8245:da7c,Web,"Sep 23, 2023, 5:56:56 PM"
173.75.55.107,Web,"Dec 5, 2023, 1:24:47 AM"
98.210.161.111,Web,"Jan 10, 2024, 11:40:35 PM"
173.75.55.107,Web,"Jan 14, 2024, 9:52:38 PM"
2601:547:1981:87b0:eb1e:bc03:83fe:f194,Web,"Jan 24, 2024, 2:03:38 AM"
128.237.82.11,Web,"Jan 25, 2024, 2:49:06 PM"
128.237.82.11,Web,"Jan 25, 2024, 2:57:58 PM"
128.237.82.8,Web,"Feb 21, 2024, 7:12:33 PM"
2601:547:1981:87b0:867c:8bac:1526:660f,Web,"Mar 12, 2024, 12:42:00 AM"
128.237.82.8,Web,"Mar 18, 2024, 2:45:59 PM"
128.237.82.8,Web,"Mar 18, 2024, 2:46:27 PM"
128.237.82.8,Web,"Mar 18, 2024, 5:46:08 PM"
2607:fb90:db87:c49e:ac39:8f57:5031:e261,Mobile,"Mar 23, 2024, 3:58:09 PM"
2601:547:1981:87b0:5035:8279:d0d7:1e2d,Web,"Apr 1, 2024, 12:10:29 AM"
2601:547:1981:87b0:22b4:94ba:1356:52c9,Web,"Apr 2, 2024, 2:06:44 PM"
128.237.82.12,Web,"Apr 7, 2024, 3:43:35 PM"
128.237.82.8,Web,"Apr 16, 2024, 7:54:39 PM"
2601:547:1981:87b0:8eaf:d079:317c:1efa,Web,"May 2, 2024, 5:42:40 PM"
98.210.161.111,Web,"May 16, 2024, 3:39:43 PM"
98.210.161.111,Web,"May 26, 2024, 3:13:13 PM"
98.210.161.111,Web,"Aug 9, 2024, 3:52:45 AM"
98.210.161.111,Web,"Aug 16, 2024, 4:27:12 AM"
128.237.82.208,Web,"Oct 22, 2024, 6:06:00 PM"
128.237.82.208,Web,"Oct 22, 2024, 6:16:37 PM"
128.237.82.209,Web,"Oct 22, 2024, 6:35:49 PM"
128.237.82.212,Web,"Nov 4, 2024, 2:47:37 PM"
217.114.38.189,Web,"Dec 21, 2024, 4:31:26 AM"
157.97.134.175,Web,"Dec 24, 2024, 11:49:19 PM"
14.160.23.44,Web,"Dec 30, 2024, 11:35:41 AM"
98.210.161.111,Web,"Jan 4, 2025, 7:21:31 PM"
2601:547:1981:87b0:63df:cc5:5059:b1f9,Web,"Jan 12, 2025, 2:10:40 AM"
2601:547:1981:87b0:329a:e2ea:3e50:4a0b,Web,"Jan 15, 2025, 1:48:05 PM"
128.237.82.112,Web,"Jan 17, 2025, 11:07:22 PM"
24.3.243.245,Web,"Jan 20, 2025, 8:56:21 PM"
