Follower Athlete ID,Following Athlete ID,Favorite Status
68492935,40564285,"{:BOOST_ACTIVITIES_IN_FEED=>""Boost Activities in Feed"", :NOTIFY_ACTIVITIES=>""Subscribed to Activity Notifications on Upload"", :MUTE_IN_FEED=>""Muted Activities in Feed""}"
37079446,40564285,"{:BOOST_ACTIVITIES_IN_FEED=>""Boost Activities in Feed"", :NOTIFY_ACTIVITIES=>""Subscribed to Activity Notifications on Upload"", :MUTE_IN_FEED=>""Muted Activities in Feed""}"
22066007,40564285,"{:BOOST_ACTIVITIES_IN_FEED=>""Boost Activities in Feed"", :NOTIFY_ACTIVITIES=>""Subscribed to Activity Notifications on Upload"", :MUTE_IN_FEED=>""Muted Activities in Feed""}"
14006725,40564285,"{:BOOST_ACTIVITIES_IN_FEED=>""Boost Activities in Feed"", :NOTIFY_ACTIVITIES=>""Subscribed to Activity Notifications on Upload"", :MUTE_IN_FEED=>""Muted Activities in Feed""}"
89520292,40564285,"{:BOOST_ACTIVITIES_IN_FEED=>""Boost Activities in Feed"", :NOTIFY_ACTIVITIES=>""Subscribed to Activity Notifications on Upload"", :MUTE_IN_FEED=>""Muted Activities in Feed""}"
70653952,40564285,"{:BOOST_ACTIVITIES_IN_FEED=>""Boost Activities in Feed"", :NOTIFY_ACTIVITIES=>""Subscribed to Activity Notifications on Upload"", :MUTE_IN_FEED=>""Muted Activities in Feed""}"
96705937,40564285,"{:BOOST_ACTIVITIES_IN_FEED=>""Boost Activities in Feed"", :NOTIFY_ACTIVITIES=>""Subscribed to Activity Notifications on Upload"", :MUTE_IN_FEED=>""Muted Activities in Feed""}"
49198551,40564285,"{:BOOST_ACTIVITIES_IN_FEED=>""Boost Activities in Feed"", :NOTIFY_ACTIVITIES=>""Subscribed to Activity Notifications on Upload"", :MUTE_IN_FEED=>""Muted Activities in Feed""}"
123135334,40564285,"{:BOOST_ACTIVITIES_IN_FEED=>""Boost Activities in Feed"", :NOTIFY_ACTIVITIES=>""Subscribed to Activity Notifications on Upload"", :MUTE_IN_FEED=>""Muted Activities in Feed""}"
40109316,40564285,"{:BOOST_ACTIVITIES_IN_FEED=>""Boost Activities in Feed"", :NOTIFY_ACTIVITIES=>""Subscribed to Activity Notifications on Upload"", :MUTE_IN_FEED=>""Muted Activities in Feed""}"
35749768,40564285,"{:BOOST_ACTIVITIES_IN_FEED=>""Boost Activities in Feed"", :NOTIFY_ACTIVITIES=>""Subscribed to Activity Notifications on Upload"", :MUTE_IN_FEED=>""Muted Activities in Feed""}"
52594034,40564285,"{:BOOST_ACTIVITIES_IN_FEED=>""Boost Activities in Feed"", :NOTIFY_ACTIVITIES=>""Subscribed to Activity Notifications on Upload"", :MUTE_IN_FEED=>""Muted Activities in Feed""}"
96073251,40564285,"{:BOOST_ACTIVITIES_IN_FEED=>""Boost Activities in Feed"", :NOTIFY_ACTIVITIES=>""Subscribed to Activity Notifications on Upload"", :MUTE_IN_FEED=>""Muted Activities in Feed""}"
49294577,40564285,"{:BOOST_ACTIVITIES_IN_FEED=>""Boost Activities in Feed"", :NOTIFY_ACTIVITIES=>""Subscribed to Activity Notifications on Upload"", :MUTE_IN_FEED=>""Muted Activities in Feed""}"
61438163,40564285,"{:BOOST_ACTIVITIES_IN_FEED=>""Boost Activities in Feed"", :NOTIFY_ACTIVITIES=>""Subscribed to Activity Notifications on Upload"", :MUTE_IN_FEED=>""Muted Activities in Feed""}"
36504793,40564285,"{:BOOST_ACTIVITIES_IN_FEED=>""Boost Activities in Feed"", :NOTIFY_ACTIVITIES=>""Subscribed to Activity Notifications on Upload"", :MUTE_IN_FEED=>""Muted Activities in Feed""}"
107025137,40564285,"{:BOOST_ACTIVITIES_IN_FEED=>""Boost Activities in Feed"", :NOTIFY_ACTIVITIES=>""Subscribed to Activity Notifications on Upload"", :MUTE_IN_FEED=>""Muted Activities in Feed""}"
55917850,40564285,"{:BOOST_ACTIVITIES_IN_FEED=>""Boost Activities in Feed"", :NOTIFY_ACTIVITIES=>""Subscribed to Activity Notifications on Upload"", :MUTE_IN_FEED=>""Muted Activities in Feed""}"
125232869,40564285,"{:BOOST_ACTIVITIES_IN_FEED=>""Boost Activities in Feed"", :NOTIFY_ACTIVITIES=>""Subscribed to Activity Notifications on Upload"", :MUTE_IN_FEED=>""Muted Activities in Feed""}"
121176654,40564285,"{:BOOST_ACTIVITIES_IN_FEED=>""Boost Activities in Feed"", :NOTIFY_ACTIVITIES=>""Subscribed to Activity Notifications on Upload"", :MUTE_IN_FEED=>""Muted Activities in Feed""}"
106849442,40564285,"{:BOOST_ACTIVITIES_IN_FEED=>""Boost Activities in Feed"", :NOTIFY_ACTIVITIES=>""Subscribed to Activity Notifications on Upload"", :MUTE_IN_FEED=>""Muted Activities in Feed""}"
52691168,40564285,"{:BOOST_ACTIVITIES_IN_FEED=>""Boost Activities in Feed"", :NOTIFY_ACTIVITIES=>""Subscribed to Activity Notifications on Upload"", :MUTE_IN_FEED=>""Muted Activities in Feed""}"
127077072,40564285,"{:BOOST_ACTIVITIES_IN_FEED=>""Boost Activities in Feed"", :NOTIFY_ACTIVITIES=>""Subscribed to Activity Notifications on Upload"", :MUTE_IN_FEED=>""Muted Activities in Feed""}"
68896853,40564285,"{:BOOST_ACTIVITIES_IN_FEED=>""Boost Activities in Feed"", :NOTIFY_ACTIVITIES=>""Subscribed to Activity Notifications on Upload"", :MUTE_IN_FEED=>""Muted Activities in Feed""}"
45786941,40564285,"{:BOOST_ACTIVITIES_IN_FEED=>""Boost Activities in Feed"", :NOTIFY_ACTIVITIES=>""Subscribed to Activity Notifications on Upload"", :MUTE_IN_FEED=>""Muted Activities in Feed""}"
96537649,40564285,"{:BOOST_ACTIVITIES_IN_FEED=>""Boost Activities in Feed"", :NOTIFY_ACTIVITIES=>""Subscribed to Activity Notifications on Upload"", :MUTE_IN_FEED=>""Muted Activities in Feed""}"
41015042,40564285,"{:BOOST_ACTIVITIES_IN_FEED=>""Boost Activities in Feed"", :NOTIFY_ACTIVITIES=>""Subscribed to Activity Notifications on Upload"", :MUTE_IN_FEED=>""Muted Activities in Feed""}"
43262936,40564285,"{:BOOST_ACTIVITIES_IN_FEED=>""Boost Activities in Feed"", :NOTIFY_ACTIVITIES=>""Subscribed to Activity Notifications on Upload"", :MUTE_IN_FEED=>""Muted Activities in Feed""}"
72452900,40564285,"{:BOOST_ACTIVITIES_IN_FEED=>""Boost Activities in Feed"", :NOTIFY_ACTIVITIES=>""Subscribed to Activity Notifications on Upload"", :MUTE_IN_FEED=>""Muted Activities in Feed""}"
34209602,40564285,"{:BOOST_ACTIVITIES_IN_FEED=>""Boost Activities in Feed"", :NOTIFY_ACTIVITIES=>""Subscribed to Activity Notifications on Upload"", :MUTE_IN_FEED=>""Muted Activities in Feed""}"
35367650,40564285,"{:BOOST_ACTIVITIES_IN_FEED=>""Boost Activities in Feed"", :NOTIFY_ACTIVITIES=>""Subscribed to Activity Notifications on Upload"", :MUTE_IN_FEED=>""Muted Activities in Feed""}"
23142669,40564285,"{:BOOST_ACTIVITIES_IN_FEED=>""Boost Activities in Feed"", :NOTIFY_ACTIVITIES=>""Subscribed to Activity Notifications on Upload"", :MUTE_IN_FEED=>""Muted Activities in Feed""}"
43847959,40564285,"{:BOOST_ACTIVITIES_IN_FEED=>""Boost Activities in Feed"", :NOTIFY_ACTIVITIES=>""Subscribed to Activity Notifications on Upload"", :MUTE_IN_FEED=>""Muted Activities in Feed""}"
75878022,40564285,"{:BOOST_ACTIVITIES_IN_FEED=>""Boost Activities in Feed"", :NOTIFY_ACTIVITIES=>""Subscribed to Activity Notifications on Upload"", :MUTE_IN_FEED=>""Muted Activities in Feed""}"
63742979,40564285,"{:BOOST_ACTIVITIES_IN_FEED=>""Boost Activities in Feed"", :NOTIFY_ACTIVITIES=>""Subscribed to Activity Notifications on Upload"", :MUTE_IN_FEED=>""Muted Activities in Feed""}"
40404934,40564285,"{:BOOST_ACTIVITIES_IN_FEED=>""Boost Activities in Feed"", :NOTIFY_ACTIVITIES=>""Subscribed to Activity Notifications on Upload"", :MUTE_IN_FEED=>""Muted Activities in Feed""}"
40544004,40564285,"{:BOOST_ACTIVITIES_IN_FEED=>""Boost Activities in Feed"", :NOTIFY_ACTIVITIES=>""Subscribed to Activity Notifications on Upload"", :MUTE_IN_FEED=>""Muted Activities in Feed""}"
3477919,40564285,"{:BOOST_ACTIVITIES_IN_FEED=>""Boost Activities in Feed"", :NOTIFY_ACTIVITIES=>""Subscribed to Activity Notifications on Upload"", :MUTE_IN_FEED=>""Muted Activities in Feed""}"
5683439,40564285,"{:BOOST_ACTIVITIES_IN_FEED=>""Boost Activities in Feed"", :NOTIFY_ACTIVITIES=>""Subscribed to Activity Notifications on Upload"", :MUTE_IN_FEED=>""Muted Activities in Feed""}"
20612961,40564285,"{:BOOST_ACTIVITIES_IN_FEED=>""Boost Activities in Feed"", :NOTIFY_ACTIVITIES=>""Subscribed to Activity Notifications on Upload"", :MUTE_IN_FEED=>""Muted Activities in Feed""}"
59164011,40564285,"{:BOOST_ACTIVITIES_IN_FEED=>""Boost Activities in Feed"", :NOTIFY_ACTIVITIES=>""Subscribed to Activity Notifications on Upload"", :MUTE_IN_FEED=>""Muted Activities in Feed""}"
27688947,40564285,"{:BOOST_ACTIVITIES_IN_FEED=>""Boost Activities in Feed"", :NOTIFY_ACTIVITIES=>""Subscribed to Activity Notifications on Upload"", :MUTE_IN_FEED=>""Muted Activities in Feed""}"
56497807,40564285,"{:BOOST_ACTIVITIES_IN_FEED=>""Boost Activities in Feed"", :NOTIFY_ACTIVITIES=>""Subscribed to Activity Notifications on Upload"", :MUTE_IN_FEED=>""Muted Activities in Feed""}"
59584442,40564285,"{:BOOST_ACTIVITIES_IN_FEED=>""Boost Activities in Feed"", :NOTIFY_ACTIVITIES=>""Subscribed to Activity Notifications on Upload"", :MUTE_IN_FEED=>""Muted Activities in Feed""}"
86899776,40564285,"{:BOOST_ACTIVITIES_IN_FEED=>""Boost Activities in Feed"", :NOTIFY_ACTIVITIES=>""Subscribed to Activity Notifications on Upload"", :MUTE_IN_FEED=>""Muted Activities in Feed""}"
69932083,40564285,"{:BOOST_ACTIVITIES_IN_FEED=>""Boost Activities in Feed"", :NOTIFY_ACTIVITIES=>""Subscribed to Activity Notifications on Upload"", :MUTE_IN_FEED=>""Muted Activities in Feed""}"
29702107,40564285,"{:BOOST_ACTIVITIES_IN_FEED=>""Boost Activities in Feed"", :NOTIFY_ACTIVITIES=>""Subscribed to Activity Notifications on Upload"", :MUTE_IN_FEED=>""Muted Activities in Feed""}"
45186447,40564285,"{:BOOST_ACTIVITIES_IN_FEED=>""Boost Activities in Feed"", :NOTIFY_ACTIVITIES=>""Subscribed to Activity Notifications on Upload"", :MUTE_IN_FEED=>""Muted Activities in Feed""}"
54594642,40564285,"{:BOOST_ACTIVITIES_IN_FEED=>""Boost Activities in Feed"", :NOTIFY_ACTIVITIES=>""Subscribed to Activity Notifications on Upload"", :MUTE_IN_FEED=>""Muted Activities in Feed""}"
14778699,40564285,"{:BOOST_ACTIVITIES_IN_FEED=>""Boost Activities in Feed"", :NOTIFY_ACTIVITIES=>""Subscribed to Activity Notifications on Upload"", :MUTE_IN_FEED=>""Muted Activities in Feed""}"
59309693,40564285,"{:BOOST_ACTIVITIES_IN_FEED=>""Boost Activities in Feed"", :NOTIFY_ACTIVITIES=>""Subscribed to Activity Notifications on Upload"", :MUTE_IN_FEED=>""Muted Activities in Feed""}"
87346467,40564285,"{:BOOST_ACTIVITIES_IN_FEED=>""Boost Activities in Feed"", :NOTIFY_ACTIVITIES=>""Subscribed to Activity Notifications on Upload"", :MUTE_IN_FEED=>""Muted Activities in Feed""}"
73704997,40564285,"{:BOOST_ACTIVITIES_IN_FEED=>""Boost Activities in Feed"", :NOTIFY_ACTIVITIES=>""Subscribed to Activity Notifications on Upload"", :MUTE_IN_FEED=>""Muted Activities in Feed""}"
20641264,40564285,"{:BOOST_ACTIVITIES_IN_FEED=>""Boost Activities in Feed"", :NOTIFY_ACTIVITIES=>""Subscribed to Activity Notifications on Upload"", :MUTE_IN_FEED=>""Muted Activities in Feed""}"
44427568,40564285,"{:BOOST_ACTIVITIES_IN_FEED=>""Boost Activities in Feed"", :NOTIFY_ACTIVITIES=>""Subscribed to Activity Notifications on Upload"", :MUTE_IN_FEED=>""Muted Activities in Feed""}"
41843592,40564285,"{:BOOST_ACTIVITIES_IN_FEED=>""Boost Activities in Feed"", :NOTIFY_ACTIVITIES=>""Subscribed to Activity Notifications on Upload"", :MUTE_IN_FEED=>""Muted Activities in Feed""}"
82469952,40564285,"{:BOOST_ACTIVITIES_IN_FEED=>""Boost Activities in Feed"", :NOTIFY_ACTIVITIES=>""Subscribed to Activity Notifications on Upload"", :MUTE_IN_FEED=>""Muted Activities in Feed""}"
62449664,40564285,"{:BOOST_ACTIVITIES_IN_FEED=>""Boost Activities in Feed"", :NOTIFY_ACTIVITIES=>""Subscribed to Activity Notifications on Upload"", :MUTE_IN_FEED=>""Muted Activities in Feed""}"
23741467,40564285,"{:BOOST_ACTIVITIES_IN_FEED=>""Boost Activities in Feed"", :NOTIFY_ACTIVITIES=>""Subscribed to Activity Notifications on Upload"", :MUTE_IN_FEED=>""Muted Activities in Feed""}"
118412716,40564285,"{:BOOST_ACTIVITIES_IN_FEED=>""Boost Activities in Feed"", :NOTIFY_ACTIVITIES=>""Subscribed to Activity Notifications on Upload"", :MUTE_IN_FEED=>""Muted Activities in Feed""}"
35241902,40564285,"{:BOOST_ACTIVITIES_IN_FEED=>""Boost Activities in Feed"", :NOTIFY_ACTIVITIES=>""Subscribed to Activity Notifications on Upload"", :MUTE_IN_FEED=>""Muted Activities in Feed""}"
31023638,40564285,"{:BOOST_ACTIVITIES_IN_FEED=>""Boost Activities in Feed"", :NOTIFY_ACTIVITIES=>""Subscribed to Activity Notifications on Upload"", :MUTE_IN_FEED=>""Muted Activities in Feed""}"
13657080,40564285,"{:BOOST_ACTIVITIES_IN_FEED=>""Boost Activities in Feed"", :NOTIFY_ACTIVITIES=>""Subscribed to Activity Notifications on Upload"", :MUTE_IN_FEED=>""Muted Activities in Feed""}"
73365401,40564285,"{:BOOST_ACTIVITIES_IN_FEED=>""Boost Activities in Feed"", :NOTIFY_ACTIVITIES=>""Subscribed to Activity Notifications on Upload"", :MUTE_IN_FEED=>""Muted Activities in Feed""}"
103984280,40564285,"{:BOOST_ACTIVITIES_IN_FEED=>""Boost Activities in Feed"", :NOTIFY_ACTIVITIES=>""Subscribed to Activity Notifications on Upload"", :MUTE_IN_FEED=>""Muted Activities in Feed""}"
43962377,40564285,"{:BOOST_ACTIVITIES_IN_FEED=>""Boost Activities in Feed"", :NOTIFY_ACTIVITIES=>""Subscribed to Activity Notifications on Upload"", :MUTE_IN_FEED=>""Muted Activities in Feed""}"
87740052,40564285,"{:BOOST_ACTIVITIES_IN_FEED=>""Boost Activities in Feed"", :NOTIFY_ACTIVITIES=>""Subscribed to Activity Notifications on Upload"", :MUTE_IN_FEED=>""Muted Activities in Feed""}"
45957704,40564285,"{:BOOST_ACTIVITIES_IN_FEED=>""Boost Activities in Feed"", :NOTIFY_ACTIVITIES=>""Subscribed to Activity Notifications on Upload"", :MUTE_IN_FEED=>""Muted Activities in Feed""}"
56316938,40564285,"{:BOOST_ACTIVITIES_IN_FEED=>""Boost Activities in Feed"", :NOTIFY_ACTIVITIES=>""Subscribed to Activity Notifications on Upload"", :MUTE_IN_FEED=>""Muted Activities in Feed""}"
38616256,40564285,"{:BOOST_ACTIVITIES_IN_FEED=>""Boost Activities in Feed"", :NOTIFY_ACTIVITIES=>""Subscribed to Activity Notifications on Upload"", :MUTE_IN_FEED=>""Muted Activities in Feed""}"
26271937,40564285,"{:BOOST_ACTIVITIES_IN_FEED=>""Boost Activities in Feed"", :NOTIFY_ACTIVITIES=>""Subscribed to Activity Notifications on Upload"", :MUTE_IN_FEED=>""Muted Activities in Feed""}"
90728939,40564285,"{:BOOST_ACTIVITIES_IN_FEED=>""Boost Activities in Feed"", :NOTIFY_ACTIVITIES=>""Subscribed to Activity Notifications on Upload"", :MUTE_IN_FEED=>""Muted Activities in Feed""}"
48923789,40564285,"{:BOOST_ACTIVITIES_IN_FEED=>""Boost Activities in Feed"", :NOTIFY_ACTIVITIES=>""Subscribed to Activity Notifications on Upload"", :MUTE_IN_FEED=>""Muted Activities in Feed""}"
88945516,40564285,"{:BOOST_ACTIVITIES_IN_FEED=>""Boost Activities in Feed"", :NOTIFY_ACTIVITIES=>""Subscribed to Activity Notifications on Upload"", :MUTE_IN_FEED=>""Muted Activities in Feed""}"
87606697,40564285,"{:BOOST_ACTIVITIES_IN_FEED=>""Boost Activities in Feed"", :NOTIFY_ACTIVITIES=>""Subscribed to Activity Notifications on Upload"", :MUTE_IN_FEED=>""Muted Activities in Feed""}"
119194141,40564285,"{:BOOST_ACTIVITIES_IN_FEED=>""Boost Activities in Feed"", :NOTIFY_ACTIVITIES=>""Subscribed to Activity Notifications on Upload"", :MUTE_IN_FEED=>""Muted Activities in Feed""}"
49436360,40564285,"{:BOOST_ACTIVITIES_IN_FEED=>""Boost Activities in Feed"", :NOTIFY_ACTIVITIES=>""Subscribed to Activity Notifications on Upload"", :MUTE_IN_FEED=>""Muted Activities in Feed""}"
22252026,40564285,"{:BOOST_ACTIVITIES_IN_FEED=>""Boost Activities in Feed"", :NOTIFY_ACTIVITIES=>""Subscribed to Activity Notifications on Upload"", :MUTE_IN_FEED=>""Muted Activities in Feed""}"
26340651,40564285,"{:BOOST_ACTIVITIES_IN_FEED=>""Boost Activities in Feed"", :NOTIFY_ACTIVITIES=>""Subscribed to Activity Notifications on Upload"", :MUTE_IN_FEED=>""Muted Activities in Feed""}"
43978353,40564285,"{:BOOST_ACTIVITIES_IN_FEED=>""Boost Activities in Feed"", :NOTIFY_ACTIVITIES=>""Subscribed to Activity Notifications on Upload"", :MUTE_IN_FEED=>""Muted Activities in Feed""}"
32111484,40564285,"{:BOOST_ACTIVITIES_IN_FEED=>""Boost Activities in Feed"", :NOTIFY_ACTIVITIES=>""Subscribed to Activity Notifications on Upload"", :MUTE_IN_FEED=>""Muted Activities in Feed""}"
35650400,40564285,"{:BOOST_ACTIVITIES_IN_FEED=>""Boost Activities in Feed"", :NOTIFY_ACTIVITIES=>""Subscribed to Activity Notifications on Upload"", :MUTE_IN_FEED=>""Muted Activities in Feed""}"
145195171,40564285,"{:BOOST_ACTIVITIES_IN_FEED=>""Boost Activities in Feed"", :NOTIFY_ACTIVITIES=>""Subscribed to Activity Notifications on Upload"", :MUTE_IN_FEED=>""Muted Activities in Feed""}"
21539782,40564285,"{:BOOST_ACTIVITIES_IN_FEED=>""Boost Activities in Feed"", :NOTIFY_ACTIVITIES=>""Subscribed to Activity Notifications on Upload"", :MUTE_IN_FEED=>""Muted Activities in Feed""}"
39749006,40564285,"{:BOOST_ACTIVITIES_IN_FEED=>""Boost Activities in Feed"", :NOTIFY_ACTIVITIES=>""Subscribed to Activity Notifications on Upload"", :MUTE_IN_FEED=>""Muted Activities in Feed""}"
65285815,40564285,"{:BOOST_ACTIVITIES_IN_FEED=>""Boost Activities in Feed"", :NOTIFY_ACTIVITIES=>""Subscribed to Activity Notifications on Upload"", :MUTE_IN_FEED=>""Muted Activities in Feed""}"
43053479,40564285,"{:BOOST_ACTIVITIES_IN_FEED=>""Boost Activities in Feed"", :NOTIFY_ACTIVITIES=>""Subscribed to Activity Notifications on Upload"", :MUTE_IN_FEED=>""Muted Activities in Feed""}"
83418888,40564285,"{:BOOST_ACTIVITIES_IN_FEED=>""Boost Activities in Feed"", :NOTIFY_ACTIVITIES=>""Subscribed to Activity Notifications on Upload"", :MUTE_IN_FEED=>""Muted Activities in Feed""}"
66383612,40564285,"{:BOOST_ACTIVITIES_IN_FEED=>""Boost Activities in Feed"", :NOTIFY_ACTIVITIES=>""Subscribed to Activity Notifications on Upload"", :MUTE_IN_FEED=>""Muted Activities in Feed""}"
34192755,40564285,"{:BOOST_ACTIVITIES_IN_FEED=>""Boost Activities in Feed"", :NOTIFY_ACTIVITIES=>""Subscribed to Activity Notifications on Upload"", :MUTE_IN_FEED=>""Muted Activities in Feed""}"
119565242,40564285,"{:BOOST_ACTIVITIES_IN_FEED=>""Boost Activities in Feed"", :NOTIFY_ACTIVITIES=>""Subscribed to Activity Notifications on Upload"", :MUTE_IN_FEED=>""Muted Activities in Feed""}"
37499946,40564285,"{:BOOST_ACTIVITIES_IN_FEED=>""Boost Activities in Feed"", :NOTIFY_ACTIVITIES=>""Subscribed to Activity Notifications on Upload"", :MUTE_IN_FEED=>""Muted Activities in Feed""}"
62109571,40564285,"{:BOOST_ACTIVITIES_IN_FEED=>""Boost Activities in Feed"", :NOTIFY_ACTIVITIES=>""Subscribed to Activity Notifications on Upload"", :MUTE_IN_FEED=>""Muted Activities in Feed""}"
41572511,40564285,"{:BOOST_ACTIVITIES_IN_FEED=>""Boost Activities in Feed"", :NOTIFY_ACTIVITIES=>""Subscribed to Activity Notifications on Upload"", :MUTE_IN_FEED=>""Muted Activities in Feed""}"
40809813,40564285,"{:BOOST_ACTIVITIES_IN_FEED=>""Boost Activities in Feed"", :NOTIFY_ACTIVITIES=>""Subscribed to Activity Notifications on Upload"", :MUTE_IN_FEED=>""Muted Activities in Feed""}"
47724365,40564285,"{:BOOST_ACTIVITIES_IN_FEED=>""Boost Activities in Feed"", :NOTIFY_ACTIVITIES=>""Subscribed to Activity Notifications on Upload"", :MUTE_IN_FEED=>""Muted Activities in Feed""}"
113197369,40564285,"{:BOOST_ACTIVITIES_IN_FEED=>""Boost Activities in Feed"", :NOTIFY_ACTIVITIES=>""Subscribed to Activity Notifications on Upload"", :MUTE_IN_FEED=>""Muted Activities in Feed""}"
65932586,40564285,"{:BOOST_ACTIVITIES_IN_FEED=>""Boost Activities in Feed"", :NOTIFY_ACTIVITIES=>""Subscribed to Activity Notifications on Upload"", :MUTE_IN_FEED=>""Muted Activities in Feed""}"
117109869,40564285,"{:BOOST_ACTIVITIES_IN_FEED=>""Boost Activities in Feed"", :NOTIFY_ACTIVITIES=>""Subscribed to Activity Notifications on Upload"", :MUTE_IN_FEED=>""Muted Activities in Feed""}"
40032927,40564285,"{:BOOST_ACTIVITIES_IN_FEED=>""Boost Activities in Feed"", :NOTIFY_ACTIVITIES=>""Subscribed to Activity Notifications on Upload"", :MUTE_IN_FEED=>""Muted Activities in Feed""}"
33287600,40564285,"{:BOOST_ACTIVITIES_IN_FEED=>""Boost Activities in Feed"", :NOTIFY_ACTIVITIES=>""Subscribed to Activity Notifications on Upload"", :MUTE_IN_FEED=>""Muted Activities in Feed""}"
26277044,40564285,"{:BOOST_ACTIVITIES_IN_FEED=>""Boost Activities in Feed"", :NOTIFY_ACTIVITIES=>""Subscribed to Activity Notifications on Upload"", :MUTE_IN_FEED=>""Muted Activities in Feed""}"
44824810,40564285,"{:BOOST_ACTIVITIES_IN_FEED=>""Boost Activities in Feed"", :NOTIFY_ACTIVITIES=>""Subscribed to Activity Notifications on Upload"", :MUTE_IN_FEED=>""Muted Activities in Feed""}"
49067715,40564285,"{:BOOST_ACTIVITIES_IN_FEED=>""Boost Activities in Feed"", :NOTIFY_ACTIVITIES=>""Subscribed to Activity Notifications on Upload"", :MUTE_IN_FEED=>""Muted Activities in Feed""}"
31674751,40564285,"{:BOOST_ACTIVITIES_IN_FEED=>""Boost Activities in Feed"", :NOTIFY_ACTIVITIES=>""Subscribed to Activity Notifications on Upload"", :MUTE_IN_FEED=>""Muted Activities in Feed""}"
99773224,40564285,"{:BOOST_ACTIVITIES_IN_FEED=>""Boost Activities in Feed"", :NOTIFY_ACTIVITIES=>""Subscribed to Activity Notifications on Upload"", :MUTE_IN_FEED=>""Muted Activities in Feed""}"
90313090,40564285,"{:BOOST_ACTIVITIES_IN_FEED=>""Boost Activities in Feed"", :NOTIFY_ACTIVITIES=>""Subscribed to Activity Notifications on Upload"", :MUTE_IN_FEED=>""Muted Activities in Feed""}"
26393483,40564285,"{:BOOST_ACTIVITIES_IN_FEED=>""Boost Activities in Feed"", :NOTIFY_ACTIVITIES=>""Subscribed to Activity Notifications on Upload"", :MUTE_IN_FEED=>""Muted Activities in Feed""}"
54279146,40564285,"{:BOOST_ACTIVITIES_IN_FEED=>""Boost Activities in Feed"", :NOTIFY_ACTIVITIES=>""Subscribed to Activity Notifications on Upload"", :MUTE_IN_FEED=>""Muted Activities in Feed""}"
48561844,40564285,"{:BOOST_ACTIVITIES_IN_FEED=>""Boost Activities in Feed"", :NOTIFY_ACTIVITIES=>""Subscribed to Activity Notifications on Upload"", :MUTE_IN_FEED=>""Muted Activities in Feed""}"
108069564,40564285,"{:BOOST_ACTIVITIES_IN_FEED=>""Boost Activities in Feed"", :NOTIFY_ACTIVITIES=>""Subscribed to Activity Notifications on Upload"", :MUTE_IN_FEED=>""Muted Activities in Feed""}"
99773541,40564285,"{:BOOST_ACTIVITIES_IN_FEED=>""Boost Activities in Feed"", :NOTIFY_ACTIVITIES=>""Subscribed to Activity Notifications on Upload"", :MUTE_IN_FEED=>""Muted Activities in Feed""}"
105503493,40564285,"{:BOOST_ACTIVITIES_IN_FEED=>""Boost Activities in Feed"", :NOTIFY_ACTIVITIES=>""Subscribed to Activity Notifications on Upload"", :MUTE_IN_FEED=>""Muted Activities in Feed""}"
119078314,40564285,"{:BOOST_ACTIVITIES_IN_FEED=>""Boost Activities in Feed"", :NOTIFY_ACTIVITIES=>""Subscribed to Activity Notifications on Upload"", :MUTE_IN_FEED=>""Muted Activities in Feed""}"
46746285,40564285,"{:BOOST_ACTIVITIES_IN_FEED=>""Boost Activities in Feed"", :NOTIFY_ACTIVITIES=>""Subscribed to Activity Notifications on Upload"", :MUTE_IN_FEED=>""Muted Activities in Feed""}"
68714685,40564285,"{:BOOST_ACTIVITIES_IN_FEED=>""Boost Activities in Feed"", :NOTIFY_ACTIVITIES=>""Subscribed to Activity Notifications on Upload"", :MUTE_IN_FEED=>""Muted Activities in Feed""}"
24227724,40564285,"{:BOOST_ACTIVITIES_IN_FEED=>""Boost Activities in Feed"", :NOTIFY_ACTIVITIES=>""Subscribed to Activity Notifications on Upload"", :MUTE_IN_FEED=>""Muted Activities in Feed""}"
26839431,40564285,"{:BOOST_ACTIVITIES_IN_FEED=>""Boost Activities in Feed"", :NOTIFY_ACTIVITIES=>""Subscribed to Activity Notifications on Upload"", :MUTE_IN_FEED=>""Muted Activities in Feed""}"
44046609,40564285,"{:BOOST_ACTIVITIES_IN_FEED=>""Boost Activities in Feed"", :NOTIFY_ACTIVITIES=>""Subscribed to Activity Notifications on Upload"", :MUTE_IN_FEED=>""Muted Activities in Feed""}"
28220585,40564285,"{:BOOST_ACTIVITIES_IN_FEED=>""Boost Activities in Feed"", :NOTIFY_ACTIVITIES=>""Subscribed to Activity Notifications on Upload"", :MUTE_IN_FEED=>""Muted Activities in Feed""}"
39820789,40564285,"{:BOOST_ACTIVITIES_IN_FEED=>""Boost Activities in Feed"", :NOTIFY_ACTIVITIES=>""Subscribed to Activity Notifications on Upload"", :MUTE_IN_FEED=>""Muted Activities in Feed""}"
140677362,40564285,"{:BOOST_ACTIVITIES_IN_FEED=>""Boost Activities in Feed"", :NOTIFY_ACTIVITIES=>""Subscribed to Activity Notifications on Upload"", :MUTE_IN_FEED=>""Muted Activities in Feed""}"
65978939,40564285,"{:BOOST_ACTIVITIES_IN_FEED=>""Boost Activities in Feed"", :NOTIFY_ACTIVITIES=>""Subscribed to Activity Notifications on Upload"", :MUTE_IN_FEED=>""Muted Activities in Feed""}"
117556051,40564285,"{:BOOST_ACTIVITIES_IN_FEED=>""Boost Activities in Feed"", :NOTIFY_ACTIVITIES=>""Subscribed to Activity Notifications on Upload"", :MUTE_IN_FEED=>""Muted Activities in Feed""}"
26261323,40564285,"{:BOOST_ACTIVITIES_IN_FEED=>""Boost Activities in Feed"", :NOTIFY_ACTIVITIES=>""Subscribed to Activity Notifications on Upload"", :MUTE_IN_FEED=>""Muted Activities in Feed""}"
35183548,40564285,"{:BOOST_ACTIVITIES_IN_FEED=>""Boost Activities in Feed"", :NOTIFY_ACTIVITIES=>""Subscribed to Activity Notifications on Upload"", :MUTE_IN_FEED=>""Muted Activities in Feed""}"
112294463,40564285,"{:BOOST_ACTIVITIES_IN_FEED=>""Boost Activities in Feed"", :NOTIFY_ACTIVITIES=>""Subscribed to Activity Notifications on Upload"", :MUTE_IN_FEED=>""Muted Activities in Feed""}"
61629858,40564285,"{:BOOST_ACTIVITIES_IN_FEED=>""Boost Activities in Feed"", :NOTIFY_ACTIVITIES=>""Subscribed to Activity Notifications on Upload"", :MUTE_IN_FEED=>""Muted Activities in Feed""}"
53557515,40564285,"{:BOOST_ACTIVITIES_IN_FEED=>""Boost Activities in Feed"", :NOTIFY_ACTIVITIES=>""Subscribed to Activity Notifications on Upload"", :MUTE_IN_FEED=>""Muted Activities in Feed""}"
53325309,40564285,"{:BOOST_ACTIVITIES_IN_FEED=>""Boost Activities in Feed"", :NOTIFY_ACTIVITIES=>""Subscribed to Activity Notifications on Upload"", :MUTE_IN_FEED=>""Muted Activities in Feed""}"
66422417,40564285,"{:BOOST_ACTIVITIES_IN_FEED=>""Boost Activities in Feed"", :NOTIFY_ACTIVITIES=>""Subscribed to Activity Notifications on Upload"", :MUTE_IN_FEED=>""Muted Activities in Feed""}"
14028070,40564285,"{:BOOST_ACTIVITIES_IN_FEED=>""Boost Activities in Feed"", :NOTIFY_ACTIVITIES=>""Subscribed to Activity Notifications on Upload"", :MUTE_IN_FEED=>""Muted Activities in Feed""}"
74530628,40564285,"{:BOOST_ACTIVITIES_IN_FEED=>""Boost Activities in Feed"", :NOTIFY_ACTIVITIES=>""Subscribed to Activity Notifications on Upload"", :MUTE_IN_FEED=>""Muted Activities in Feed""}"
21585628,40564285,"{:BOOST_ACTIVITIES_IN_FEED=>""Boost Activities in Feed"", :NOTIFY_ACTIVITIES=>""Subscribed to Activity Notifications on Upload"", :MUTE_IN_FEED=>""Muted Activities in Feed""}"
40176342,40564285,"{:BOOST_ACTIVITIES_IN_FEED=>""Boost Activities in Feed"", :NOTIFY_ACTIVITIES=>""Subscribed to Activity Notifications on Upload"", :MUTE_IN_FEED=>""Muted Activities in Feed""}"
87524001,40564285,"{:BOOST_ACTIVITIES_IN_FEED=>""Boost Activities in Feed"", :NOTIFY_ACTIVITIES=>""Subscribed to Activity Notifications on Upload"", :MUTE_IN_FEED=>""Muted Activities in Feed""}"
108197497,40564285,"{:BOOST_ACTIVITIES_IN_FEED=>""Boost Activities in Feed"", :NOTIFY_ACTIVITIES=>""Subscribed to Activity Notifications on Upload"", :MUTE_IN_FEED=>""Muted Activities in Feed""}"
84327517,40564285,"{:BOOST_ACTIVITIES_IN_FEED=>""Boost Activities in Feed"", :NOTIFY_ACTIVITIES=>""Subscribed to Activity Notifications on Upload"", :MUTE_IN_FEED=>""Muted Activities in Feed""}"
23062419,40564285,"{:BOOST_ACTIVITIES_IN_FEED=>""Boost Activities in Feed"", :NOTIFY_ACTIVITIES=>""Subscribed to Activity Notifications on Upload"", :MUTE_IN_FEED=>""Muted Activities in Feed""}"
43594479,40564285,"{:BOOST_ACTIVITIES_IN_FEED=>""Boost Activities in Feed"", :NOTIFY_ACTIVITIES=>""Subscribed to Activity Notifications on Upload"", :MUTE_IN_FEED=>""Muted Activities in Feed""}"
32522578,40564285,"{:BOOST_ACTIVITIES_IN_FEED=>""Boost Activities in Feed"", :NOTIFY_ACTIVITIES=>""Subscribed to Activity Notifications on Upload"", :MUTE_IN_FEED=>""Muted Activities in Feed""}"
62732080,40564285,"{:BOOST_ACTIVITIES_IN_FEED=>""Boost Activities in Feed"", :NOTIFY_ACTIVITIES=>""Subscribed to Activity Notifications on Upload"", :MUTE_IN_FEED=>""Muted Activities in Feed""}"
29271386,40564285,"{:BOOST_ACTIVITIES_IN_FEED=>""Boost Activities in Feed"", :NOTIFY_ACTIVITIES=>""Subscribed to Activity Notifications on Upload"", :MUTE_IN_FEED=>""Muted Activities in Feed""}"
54393786,40564285,"{:BOOST_ACTIVITIES_IN_FEED=>""Boost Activities in Feed"", :NOTIFY_ACTIVITIES=>""Subscribed to Activity Notifications on Upload"", :MUTE_IN_FEED=>""Muted Activities in Feed""}"
20467029,40564285,"{:BOOST_ACTIVITIES_IN_FEED=>""Boost Activities in Feed"", :NOTIFY_ACTIVITIES=>""Subscribed to Activity Notifications on Upload"", :MUTE_IN_FEED=>""Muted Activities in Feed""}"
51891242,40564285,"{:BOOST_ACTIVITIES_IN_FEED=>""Boost Activities in Feed"", :NOTIFY_ACTIVITIES=>""Subscribed to Activity Notifications on Upload"", :MUTE_IN_FEED=>""Muted Activities in Feed""}"
81581172,40564285,"{:BOOST_ACTIVITIES_IN_FEED=>""Boost Activities in Feed"", :NOTIFY_ACTIVITIES=>""Subscribed to Activity Notifications on Upload"", :MUTE_IN_FEED=>""Muted Activities in Feed""}"
51825730,40564285,"{:BOOST_ACTIVITIES_IN_FEED=>""Boost Activities in Feed"", :NOTIFY_ACTIVITIES=>""Subscribed to Activity Notifications on Upload"", :MUTE_IN_FEED=>""Muted Activities in Feed""}"
104344047,40564285,"{:BOOST_ACTIVITIES_IN_FEED=>""Boost Activities in Feed"", :NOTIFY_ACTIVITIES=>""Subscribed to Activity Notifications on Upload"", :MUTE_IN_FEED=>""Muted Activities in Feed""}"
25455193,40564285,"{:BOOST_ACTIVITIES_IN_FEED=>""Boost Activities in Feed"", :NOTIFY_ACTIVITIES=>""Subscribed to Activity Notifications on Upload"", :MUTE_IN_FEED=>""Muted Activities in Feed""}"
27522731,40564285,"{:BOOST_ACTIVITIES_IN_FEED=>""Boost Activities in Feed"", :NOTIFY_ACTIVITIES=>""Subscribed to Activity Notifications on Upload"", :MUTE_IN_FEED=>""Muted Activities in Feed""}"
49596117,40564285,"{:BOOST_ACTIVITIES_IN_FEED=>""Boost Activities in Feed"", :NOTIFY_ACTIVITIES=>""Subscribed to Activity Notifications on Upload"", :MUTE_IN_FEED=>""Muted Activities in Feed""}"
60727176,40564285,"{:BOOST_ACTIVITIES_IN_FEED=>""Boost Activities in Feed"", :NOTIFY_ACTIVITIES=>""Subscribed to Activity Notifications on Upload"", :MUTE_IN_FEED=>""Muted Activities in Feed""}"
52188193,40564285,"{:BOOST_ACTIVITIES_IN_FEED=>""Boost Activities in Feed"", :NOTIFY_ACTIVITIES=>""Subscribed to Activity Notifications on Upload"", :MUTE_IN_FEED=>""Muted Activities in Feed""}"
21858785,40564285,"{:BOOST_ACTIVITIES_IN_FEED=>""Boost Activities in Feed"", :NOTIFY_ACTIVITIES=>""Subscribed to Activity Notifications on Upload"", :MUTE_IN_FEED=>""Muted Activities in Feed""}"
91883316,40564285,"{:BOOST_ACTIVITIES_IN_FEED=>""Boost Activities in Feed"", :NOTIFY_ACTIVITIES=>""Subscribed to Activity Notifications on Upload"", :MUTE_IN_FEED=>""Muted Activities in Feed""}"
53235257,40564285,"{:BOOST_ACTIVITIES_IN_FEED=>""Boost Activities in Feed"", :NOTIFY_ACTIVITIES=>""Subscribed to Activity Notifications on Upload"", :MUTE_IN_FEED=>""Muted Activities in Feed""}"
105177358,40564285,"{:BOOST_ACTIVITIES_IN_FEED=>""Boost Activities in Feed"", :NOTIFY_ACTIVITIES=>""Subscribed to Activity Notifications on Upload"", :MUTE_IN_FEED=>""Muted Activities in Feed""}"
36233577,40564285,"{:BOOST_ACTIVITIES_IN_FEED=>""Boost Activities in Feed"", :NOTIFY_ACTIVITIES=>""Subscribed to Activity Notifications on Upload"", :MUTE_IN_FEED=>""Muted Activities in Feed""}"
109144954,40564285,"{:BOOST_ACTIVITIES_IN_FEED=>""Boost Activities in Feed"", :NOTIFY_ACTIVITIES=>""Subscribed to Activity Notifications on Upload"", :MUTE_IN_FEED=>""Muted Activities in Feed""}"
56237416,40564285,"{:BOOST_ACTIVITIES_IN_FEED=>""Boost Activities in Feed"", :NOTIFY_ACTIVITIES=>""Subscribed to Activity Notifications on Upload"", :MUTE_IN_FEED=>""Muted Activities in Feed""}"
123978900,40564285,"{:BOOST_ACTIVITIES_IN_FEED=>""Boost Activities in Feed"", :NOTIFY_ACTIVITIES=>""Subscribed to Activity Notifications on Upload"", :MUTE_IN_FEED=>""Muted Activities in Feed""}"
130621535,40564285,"{:BOOST_ACTIVITIES_IN_FEED=>""Boost Activities in Feed"", :NOTIFY_ACTIVITIES=>""Subscribed to Activity Notifications on Upload"", :MUTE_IN_FEED=>""Muted Activities in Feed""}"
27122387,40564285,"{:BOOST_ACTIVITIES_IN_FEED=>""Boost Activities in Feed"", :NOTIFY_ACTIVITIES=>""Subscribed to Activity Notifications on Upload"", :MUTE_IN_FEED=>""Muted Activities in Feed""}"
35092668,40564285,"{:BOOST_ACTIVITIES_IN_FEED=>""Boost Activities in Feed"", :NOTIFY_ACTIVITIES=>""Subscribed to Activity Notifications on Upload"", :MUTE_IN_FEED=>""Muted Activities in Feed""}"
17395853,40564285,"{:BOOST_ACTIVITIES_IN_FEED=>""Boost Activities in Feed"", :NOTIFY_ACTIVITIES=>""Subscribed to Activity Notifications on Upload"", :MUTE_IN_FEED=>""Muted Activities in Feed""}"
32880466,40564285,"{:BOOST_ACTIVITIES_IN_FEED=>""Boost Activities in Feed"", :NOTIFY_ACTIVITIES=>""Subscribed to Activity Notifications on Upload"", :MUTE_IN_FEED=>""Muted Activities in Feed""}"
29244253,40564285,"{:BOOST_ACTIVITIES_IN_FEED=>""Boost Activities in Feed"", :NOTIFY_ACTIVITIES=>""Subscribed to Activity Notifications on Upload"", :MUTE_IN_FEED=>""Muted Activities in Feed""}"
23587825,40564285,"{:BOOST_ACTIVITIES_IN_FEED=>""Boost Activities in Feed"", :NOTIFY_ACTIVITIES=>""Subscribed to Activity Notifications on Upload"", :MUTE_IN_FEED=>""Muted Activities in Feed""}"
40524725,40564285,"{:BOOST_ACTIVITIES_IN_FEED=>""Boost Activities in Feed"", :NOTIFY_ACTIVITIES=>""Subscribed to Activity Notifications on Upload"", :MUTE_IN_FEED=>""Muted Activities in Feed""}"
38303554,40564285,"{:BOOST_ACTIVITIES_IN_FEED=>""Boost Activities in Feed"", :NOTIFY_ACTIVITIES=>""Subscribed to Activity Notifications on Upload"", :MUTE_IN_FEED=>""Muted Activities in Feed""}"
148034288,40564285,"{:BOOST_ACTIVITIES_IN_FEED=>""Boost Activities in Feed"", :NOTIFY_ACTIVITIES=>""Subscribed to Activity Notifications on Upload"", :MUTE_IN_FEED=>""Muted Activities in Feed""}"
65663467,40564285,"{:BOOST_ACTIVITIES_IN_FEED=>""Boost Activities in Feed"", :NOTIFY_ACTIVITIES=>""Subscribed to Activity Notifications on Upload"", :MUTE_IN_FEED=>""Muted Activities in Feed""}"
105087224,40564285,"{:BOOST_ACTIVITIES_IN_FEED=>""Boost Activities in Feed"", :NOTIFY_ACTIVITIES=>""Subscribed to Activity Notifications on Upload"", :MUTE_IN_FEED=>""Muted Activities in Feed""}"
35675337,40564285,"{:BOOST_ACTIVITIES_IN_FEED=>""Boost Activities in Feed"", :NOTIFY_ACTIVITIES=>""Subscribed to Activity Notifications on Upload"", :MUTE_IN_FEED=>""Muted Activities in Feed""}"
20572221,40564285,"{:BOOST_ACTIVITIES_IN_FEED=>""Boost Activities in Feed"", :NOTIFY_ACTIVITIES=>""Subscribed to Activity Notifications on Upload"", :MUTE_IN_FEED=>""Muted Activities in Feed""}"
24121196,40564285,"{:BOOST_ACTIVITIES_IN_FEED=>""Boost Activities in Feed"", :NOTIFY_ACTIVITIES=>""Subscribed to Activity Notifications on Upload"", :MUTE_IN_FEED=>""Muted Activities in Feed""}"
49460957,40564285,"{:BOOST_ACTIVITIES_IN_FEED=>""Boost Activities in Feed"", :NOTIFY_ACTIVITIES=>""Subscribed to Activity Notifications on Upload"", :MUTE_IN_FEED=>""Muted Activities in Feed""}"
26240156,40564285,"{:BOOST_ACTIVITIES_IN_FEED=>""Boost Activities in Feed"", :NOTIFY_ACTIVITIES=>""Subscribed to Activity Notifications on Upload"", :MUTE_IN_FEED=>""Muted Activities in Feed""}"
7451463,40564285,"{:BOOST_ACTIVITIES_IN_FEED=>""Boost Activities in Feed"", :NOTIFY_ACTIVITIES=>""Subscribed to Activity Notifications on Upload"", :MUTE_IN_FEED=>""Muted Activities in Feed""}"
48941804,40564285,"{:BOOST_ACTIVITIES_IN_FEED=>""Boost Activities in Feed"", :NOTIFY_ACTIVITIES=>""Subscribed to Activity Notifications on Upload"", :MUTE_IN_FEED=>""Muted Activities in Feed""}"
73978444,40564285,"{:BOOST_ACTIVITIES_IN_FEED=>""Boost Activities in Feed"", :NOTIFY_ACTIVITIES=>""Subscribed to Activity Notifications on Upload"", :MUTE_IN_FEED=>""Muted Activities in Feed""}"
46855954,40564285,"{:BOOST_ACTIVITIES_IN_FEED=>""Boost Activities in Feed"", :NOTIFY_ACTIVITIES=>""Subscribed to Activity Notifications on Upload"", :MUTE_IN_FEED=>""Muted Activities in Feed""}"
51064123,40564285,"{:BOOST_ACTIVITIES_IN_FEED=>""Boost Activities in Feed"", :NOTIFY_ACTIVITIES=>""Subscribed to Activity Notifications on Upload"", :MUTE_IN_FEED=>""Muted Activities in Feed""}"
47966468,40564285,"{:BOOST_ACTIVITIES_IN_FEED=>""Boost Activities in Feed"", :NOTIFY_ACTIVITIES=>""Subscribed to Activity Notifications on Upload"", :MUTE_IN_FEED=>""Muted Activities in Feed""}"
36819134,40564285,"{:BOOST_ACTIVITIES_IN_FEED=>""Boost Activities in Feed"", :NOTIFY_ACTIVITIES=>""Subscribed to Activity Notifications on Upload"", :MUTE_IN_FEED=>""Muted Activities in Feed""}"
21601183,40564285,"{:BOOST_ACTIVITIES_IN_FEED=>""Boost Activities in Feed"", :NOTIFY_ACTIVITIES=>""Subscribed to Activity Notifications on Upload"", :MUTE_IN_FEED=>""Muted Activities in Feed""}"
54299560,40564285,"{:BOOST_ACTIVITIES_IN_FEED=>""Boost Activities in Feed"", :NOTIFY_ACTIVITIES=>""Subscribed to Activity Notifications on Upload"", :MUTE_IN_FEED=>""Muted Activities in Feed""}"
26171691,40564285,"{:BOOST_ACTIVITIES_IN_FEED=>""Boost Activities in Feed"", :NOTIFY_ACTIVITIES=>""Subscribed to Activity Notifications on Upload"", :MUTE_IN_FEED=>""Muted Activities in Feed""}"
42826806,40564285,"{:BOOST_ACTIVITIES_IN_FEED=>""Boost Activities in Feed"", :NOTIFY_ACTIVITIES=>""Subscribed to Activity Notifications on Upload"", :MUTE_IN_FEED=>""Muted Activities in Feed""}"
28496267,40564285,"{:BOOST_ACTIVITIES_IN_FEED=>""Boost Activities in Feed"", :NOTIFY_ACTIVITIES=>""Subscribed to Activity Notifications on Upload"", :MUTE_IN_FEED=>""Muted Activities in Feed""}"
41803132,40564285,"{:BOOST_ACTIVITIES_IN_FEED=>""Boost Activities in Feed"", :NOTIFY_ACTIVITIES=>""Subscribed to Activity Notifications on Upload"", :MUTE_IN_FEED=>""Muted Activities in Feed""}"
23142669,40564285,Muted Activities in Feed
3477919,40564285,Muted Activities in Feed
49436360,40564285,Boost Activities in Feed
40809813,40564285,Boost Activities in Feed
36233577,40564285,Boost Activities in Feed
49436360,40564285,Subscribed to Activity Notifications on Upload
40564285,39162052,"{:BOOST_ACTIVITIES_IN_FEED=>""Boost Activities in Feed"", :NOTIFY_ACTIVITIES=>""Subscribed to Activity Notifications on Upload"", :MUTE_IN_FEED=>""Muted Activities in Feed""}"
40564285,47724365,"{:BOOST_ACTIVITIES_IN_FEED=>""Boost Activities in Feed"", :NOTIFY_ACTIVITIES=>""Subscribed to Activity Notifications on Upload"", :MUTE_IN_FEED=>""Muted Activities in Feed""}"
40564285,125232869,"{:BOOST_ACTIVITIES_IN_FEED=>""Boost Activities in Feed"", :NOTIFY_ACTIVITIES=>""Subscribed to Activity Notifications on Upload"", :MUTE_IN_FEED=>""Muted Activities in Feed""}"
40564285,23019194,"{:BOOST_ACTIVITIES_IN_FEED=>""Boost Activities in Feed"", :NOTIFY_ACTIVITIES=>""Subscribed to Activity Notifications on Upload"", :MUTE_IN_FEED=>""Muted Activities in Feed""}"
40564285,20641264,"{:BOOST_ACTIVITIES_IN_FEED=>""Boost Activities in Feed"", :NOTIFY_ACTIVITIES=>""Subscribed to Activity Notifications on Upload"", :MUTE_IN_FEED=>""Muted Activities in Feed""}"
40564285,40524725,"{:BOOST_ACTIVITIES_IN_FEED=>""Boost Activities in Feed"", :NOTIFY_ACTIVITIES=>""Subscribed to Activity Notifications on Upload"", :MUTE_IN_FEED=>""Muted Activities in Feed""}"
40564285,51064123,"{:BOOST_ACTIVITIES_IN_FEED=>""Boost Activities in Feed"", :NOTIFY_ACTIVITIES=>""Subscribed to Activity Notifications on Upload"", :MUTE_IN_FEED=>""Muted Activities in Feed""}"
40564285,29702107,"{:BOOST_ACTIVITIES_IN_FEED=>""Boost Activities in Feed"", :NOTIFY_ACTIVITIES=>""Subscribed to Activity Notifications on Upload"", :MUTE_IN_FEED=>""Muted Activities in Feed""}"
40564285,70653952,"{:BOOST_ACTIVITIES_IN_FEED=>""Boost Activities in Feed"", :NOTIFY_ACTIVITIES=>""Subscribed to Activity Notifications on Upload"", :MUTE_IN_FEED=>""Muted Activities in Feed""}"
40564285,119194141,"{:BOOST_ACTIVITIES_IN_FEED=>""Boost Activities in Feed"", :NOTIFY_ACTIVITIES=>""Subscribed to Activity Notifications on Upload"", :MUTE_IN_FEED=>""Muted Activities in Feed""}"
40564285,9352022,"{:BOOST_ACTIVITIES_IN_FEED=>""Boost Activities in Feed"", :NOTIFY_ACTIVITIES=>""Subscribed to Activity Notifications on Upload"", :MUTE_IN_FEED=>""Muted Activities in Feed""}"
40564285,27688947,"{:BOOST_ACTIVITIES_IN_FEED=>""Boost Activities in Feed"", :NOTIFY_ACTIVITIES=>""Subscribed to Activity Notifications on Upload"", :MUTE_IN_FEED=>""Muted Activities in Feed""}"
40564285,44427568,"{:BOOST_ACTIVITIES_IN_FEED=>""Boost Activities in Feed"", :NOTIFY_ACTIVITIES=>""Subscribed to Activity Notifications on Upload"", :MUTE_IN_FEED=>""Muted Activities in Feed""}"
40564285,89520292,"{:BOOST_ACTIVITIES_IN_FEED=>""Boost Activities in Feed"", :NOTIFY_ACTIVITIES=>""Subscribed to Activity Notifications on Upload"", :MUTE_IN_FEED=>""Muted Activities in Feed""}"
40564285,96537649,"{:BOOST_ACTIVITIES_IN_FEED=>""Boost Activities in Feed"", :NOTIFY_ACTIVITIES=>""Subscribed to Activity Notifications on Upload"", :MUTE_IN_FEED=>""Muted Activities in Feed""}"
40564285,87524001,"{:BOOST_ACTIVITIES_IN_FEED=>""Boost Activities in Feed"", :NOTIFY_ACTIVITIES=>""Subscribed to Activity Notifications on Upload"", :MUTE_IN_FEED=>""Muted Activities in Feed""}"
40564285,118412716,"{:BOOST_ACTIVITIES_IN_FEED=>""Boost Activities in Feed"", :NOTIFY_ACTIVITIES=>""Subscribed to Activity Notifications on Upload"", :MUTE_IN_FEED=>""Muted Activities in Feed""}"
40564285,87346467,"{:BOOST_ACTIVITIES_IN_FEED=>""Boost Activities in Feed"", :NOTIFY_ACTIVITIES=>""Subscribed to Activity Notifications on Upload"", :MUTE_IN_FEED=>""Muted Activities in Feed""}"
40564285,51891242,"{:BOOST_ACTIVITIES_IN_FEED=>""Boost Activities in Feed"", :NOTIFY_ACTIVITIES=>""Subscribed to Activity Notifications on Upload"", :MUTE_IN_FEED=>""Muted Activities in Feed""}"
40564285,55917850,"{:BOOST_ACTIVITIES_IN_FEED=>""Boost Activities in Feed"", :NOTIFY_ACTIVITIES=>""Subscribed to Activity Notifications on Upload"", :MUTE_IN_FEED=>""Muted Activities in Feed""}"
40564285,75878022,"{:BOOST_ACTIVITIES_IN_FEED=>""Boost Activities in Feed"", :NOTIFY_ACTIVITIES=>""Subscribed to Activity Notifications on Upload"", :MUTE_IN_FEED=>""Muted Activities in Feed""}"
40564285,86525201,"{:BOOST_ACTIVITIES_IN_FEED=>""Boost Activities in Feed"", :NOTIFY_ACTIVITIES=>""Subscribed to Activity Notifications on Upload"", :MUTE_IN_FEED=>""Muted Activities in Feed""}"
40564285,62732080,"{:BOOST_ACTIVITIES_IN_FEED=>""Boost Activities in Feed"", :NOTIFY_ACTIVITIES=>""Subscribed to Activity Notifications on Upload"", :MUTE_IN_FEED=>""Muted Activities in Feed""}"
40564285,73978444,"{:BOOST_ACTIVITIES_IN_FEED=>""Boost Activities in Feed"", :NOTIFY_ACTIVITIES=>""Subscribed to Activity Notifications on Upload"", :MUTE_IN_FEED=>""Muted Activities in Feed""}"
40564285,73365401,"{:BOOST_ACTIVITIES_IN_FEED=>""Boost Activities in Feed"", :NOTIFY_ACTIVITIES=>""Subscribed to Activity Notifications on Upload"", :MUTE_IN_FEED=>""Muted Activities in Feed""}"
40564285,24227724,"{:BOOST_ACTIVITIES_IN_FEED=>""Boost Activities in Feed"", :NOTIFY_ACTIVITIES=>""Subscribed to Activity Notifications on Upload"", :MUTE_IN_FEED=>""Muted Activities in Feed""}"
40564285,83418888,"{:BOOST_ACTIVITIES_IN_FEED=>""Boost Activities in Feed"", :NOTIFY_ACTIVITIES=>""Subscribed to Activity Notifications on Upload"", :MUTE_IN_FEED=>""Muted Activities in Feed""}"
40564285,107025137,"{:BOOST_ACTIVITIES_IN_FEED=>""Boost Activities in Feed"", :NOTIFY_ACTIVITIES=>""Subscribed to Activity Notifications on Upload"", :MUTE_IN_FEED=>""Muted Activities in Feed""}"
40564285,25071444,"{:BOOST_ACTIVITIES_IN_FEED=>""Boost Activities in Feed"", :NOTIFY_ACTIVITIES=>""Subscribed to Activity Notifications on Upload"", :MUTE_IN_FEED=>""Muted Activities in Feed""}"
40564285,23062419,"{:BOOST_ACTIVITIES_IN_FEED=>""Boost Activities in Feed"", :NOTIFY_ACTIVITIES=>""Subscribed to Activity Notifications on Upload"", :MUTE_IN_FEED=>""Muted Activities in Feed""}"
40564285,69932083,"{:BOOST_ACTIVITIES_IN_FEED=>""Boost Activities in Feed"", :NOTIFY_ACTIVITIES=>""Subscribed to Activity Notifications on Upload"", :MUTE_IN_FEED=>""Muted Activities in Feed""}"
40564285,10934472,"{:BOOST_ACTIVITIES_IN_FEED=>""Boost Activities in Feed"", :NOTIFY_ACTIVITIES=>""Subscribed to Activity Notifications on Upload"", :MUTE_IN_FEED=>""Muted Activities in Feed""}"
40564285,21858785,"{:BOOST_ACTIVITIES_IN_FEED=>""Boost Activities in Feed"", :NOTIFY_ACTIVITIES=>""Subscribed to Activity Notifications on Upload"", :MUTE_IN_FEED=>""Muted Activities in Feed""}"
40564285,91883316,"{:BOOST_ACTIVITIES_IN_FEED=>""Boost Activities in Feed"", :NOTIFY_ACTIVITIES=>""Subscribed to Activity Notifications on Upload"", :MUTE_IN_FEED=>""Muted Activities in Feed""}"
40564285,32111484,"{:BOOST_ACTIVITIES_IN_FEED=>""Boost Activities in Feed"", :NOTIFY_ACTIVITIES=>""Subscribed to Activity Notifications on Upload"", :MUTE_IN_FEED=>""Muted Activities in Feed""}"
40564285,49198551,"{:BOOST_ACTIVITIES_IN_FEED=>""Boost Activities in Feed"", :NOTIFY_ACTIVITIES=>""Subscribed to Activity Notifications on Upload"", :MUTE_IN_FEED=>""Muted Activities in Feed""}"
40564285,112294463,"{:BOOST_ACTIVITIES_IN_FEED=>""Boost Activities in Feed"", :NOTIFY_ACTIVITIES=>""Subscribed to Activity Notifications on Upload"", :MUTE_IN_FEED=>""Muted Activities in Feed""}"
40564285,105503493,"{:BOOST_ACTIVITIES_IN_FEED=>""Boost Activities in Feed"", :NOTIFY_ACTIVITIES=>""Subscribed to Activity Notifications on Upload"", :MUTE_IN_FEED=>""Muted Activities in Feed""}"
40564285,37499946,"{:BOOST_ACTIVITIES_IN_FEED=>""Boost Activities in Feed"", :NOTIFY_ACTIVITIES=>""Subscribed to Activity Notifications on Upload"", :MUTE_IN_FEED=>""Muted Activities in Feed""}"
40564285,25455193,"{:BOOST_ACTIVITIES_IN_FEED=>""Boost Activities in Feed"", :NOTIFY_ACTIVITIES=>""Subscribed to Activity Notifications on Upload"", :MUTE_IN_FEED=>""Muted Activities in Feed""}"
40564285,54393786,"{:BOOST_ACTIVITIES_IN_FEED=>""Boost Activities in Feed"", :NOTIFY_ACTIVITIES=>""Subscribed to Activity Notifications on Upload"", :MUTE_IN_FEED=>""Muted Activities in Feed""}"
40564285,21539782,"{:BOOST_ACTIVITIES_IN_FEED=>""Boost Activities in Feed"", :NOTIFY_ACTIVITIES=>""Subscribed to Activity Notifications on Upload"", :MUTE_IN_FEED=>""Muted Activities in Feed""}"
40564285,113197369,"{:BOOST_ACTIVITIES_IN_FEED=>""Boost Activities in Feed"", :NOTIFY_ACTIVITIES=>""Subscribed to Activity Notifications on Upload"", :MUTE_IN_FEED=>""Muted Activities in Feed""}"
40564285,68896853,"{:BOOST_ACTIVITIES_IN_FEED=>""Boost Activities in Feed"", :NOTIFY_ACTIVITIES=>""Subscribed to Activity Notifications on Upload"", :MUTE_IN_FEED=>""Muted Activities in Feed""}"
40564285,87740052,"{:BOOST_ACTIVITIES_IN_FEED=>""Boost Activities in Feed"", :NOTIFY_ACTIVITIES=>""Subscribed to Activity Notifications on Upload"", :MUTE_IN_FEED=>""Muted Activities in Feed""}"
40564285,123978900,"{:BOOST_ACTIVITIES_IN_FEED=>""Boost Activities in Feed"", :NOTIFY_ACTIVITIES=>""Subscribed to Activity Notifications on Upload"", :MUTE_IN_FEED=>""Muted Activities in Feed""}"
40564285,59584442,"{:BOOST_ACTIVITIES_IN_FEED=>""Boost Activities in Feed"", :NOTIFY_ACTIVITIES=>""Subscribed to Activity Notifications on Upload"", :MUTE_IN_FEED=>""Muted Activities in Feed""}"
40564285,31023638,"{:BOOST_ACTIVITIES_IN_FEED=>""Boost Activities in Feed"", :NOTIFY_ACTIVITIES=>""Subscribed to Activity Notifications on Upload"", :MUTE_IN_FEED=>""Muted Activities in Feed""}"
40564285,63742979,"{:BOOST_ACTIVITIES_IN_FEED=>""Boost Activities in Feed"", :NOTIFY_ACTIVITIES=>""Subscribed to Activity Notifications on Upload"", :MUTE_IN_FEED=>""Muted Activities in Feed""}"
40564285,3477919,"{:BOOST_ACTIVITIES_IN_FEED=>""Boost Activities in Feed"", :NOTIFY_ACTIVITIES=>""Subscribed to Activity Notifications on Upload"", :MUTE_IN_FEED=>""Muted Activities in Feed""}"
40564285,48941804,"{:BOOST_ACTIVITIES_IN_FEED=>""Boost Activities in Feed"", :NOTIFY_ACTIVITIES=>""Subscribed to Activity Notifications on Upload"", :MUTE_IN_FEED=>""Muted Activities in Feed""}"
40564285,32212330,"{:BOOST_ACTIVITIES_IN_FEED=>""Boost Activities in Feed"", :NOTIFY_ACTIVITIES=>""Subscribed to Activity Notifications on Upload"", :MUTE_IN_FEED=>""Muted Activities in Feed""}"
40564285,35650400,"{:BOOST_ACTIVITIES_IN_FEED=>""Boost Activities in Feed"", :NOTIFY_ACTIVITIES=>""Subscribed to Activity Notifications on Upload"", :MUTE_IN_FEED=>""Muted Activities in Feed""}"
40564285,60727176,"{:BOOST_ACTIVITIES_IN_FEED=>""Boost Activities in Feed"", :NOTIFY_ACTIVITIES=>""Subscribed to Activity Notifications on Upload"", :MUTE_IN_FEED=>""Muted Activities in Feed""}"
40564285,1386325,"{:BOOST_ACTIVITIES_IN_FEED=>""Boost Activities in Feed"", :NOTIFY_ACTIVITIES=>""Subscribed to Activity Notifications on Upload"", :MUTE_IN_FEED=>""Muted Activities in Feed""}"
40564285,20980152,"{:BOOST_ACTIVITIES_IN_FEED=>""Boost Activities in Feed"", :NOTIFY_ACTIVITIES=>""Subscribed to Activity Notifications on Upload"", :MUTE_IN_FEED=>""Muted Activities in Feed""}"
40564285,28220585,"{:BOOST_ACTIVITIES_IN_FEED=>""Boost Activities in Feed"", :NOTIFY_ACTIVITIES=>""Subscribed to Activity Notifications on Upload"", :MUTE_IN_FEED=>""Muted Activities in Feed""}"
40564285,56497807,"{:BOOST_ACTIVITIES_IN_FEED=>""Boost Activities in Feed"", :NOTIFY_ACTIVITIES=>""Subscribed to Activity Notifications on Upload"", :MUTE_IN_FEED=>""Muted Activities in Feed""}"
40564285,21585628,"{:BOOST_ACTIVITIES_IN_FEED=>""Boost Activities in Feed"", :NOTIFY_ACTIVITIES=>""Subscribed to Activity Notifications on Upload"", :MUTE_IN_FEED=>""Muted Activities in Feed""}"
40564285,35241902,"{:BOOST_ACTIVITIES_IN_FEED=>""Boost Activities in Feed"", :NOTIFY_ACTIVITIES=>""Subscribed to Activity Notifications on Upload"", :MUTE_IN_FEED=>""Muted Activities in Feed""}"
40564285,45957704,"{:BOOST_ACTIVITIES_IN_FEED=>""Boost Activities in Feed"", :NOTIFY_ACTIVITIES=>""Subscribed to Activity Notifications on Upload"", :MUTE_IN_FEED=>""Muted Activities in Feed""}"
40564285,40109316,"{:BOOST_ACTIVITIES_IN_FEED=>""Boost Activities in Feed"", :NOTIFY_ACTIVITIES=>""Subscribed to Activity Notifications on Upload"", :MUTE_IN_FEED=>""Muted Activities in Feed""}"
40564285,23587825,"{:BOOST_ACTIVITIES_IN_FEED=>""Boost Activities in Feed"", :NOTIFY_ACTIVITIES=>""Subscribed to Activity Notifications on Upload"", :MUTE_IN_FEED=>""Muted Activities in Feed""}"
40564285,112004180,"{:BOOST_ACTIVITIES_IN_FEED=>""Boost Activities in Feed"", :NOTIFY_ACTIVITIES=>""Subscribed to Activity Notifications on Upload"", :MUTE_IN_FEED=>""Muted Activities in Feed""}"
40564285,26393483,"{:BOOST_ACTIVITIES_IN_FEED=>""Boost Activities in Feed"", :NOTIFY_ACTIVITIES=>""Subscribed to Activity Notifications on Upload"", :MUTE_IN_FEED=>""Muted Activities in Feed""}"
40564285,31060759,"{:BOOST_ACTIVITIES_IN_FEED=>""Boost Activities in Feed"", :NOTIFY_ACTIVITIES=>""Subscribed to Activity Notifications on Upload"", :MUTE_IN_FEED=>""Muted Activities in Feed""}"
40564285,44824810,"{:BOOST_ACTIVITIES_IN_FEED=>""Boost Activities in Feed"", :NOTIFY_ACTIVITIES=>""Subscribed to Activity Notifications on Upload"", :MUTE_IN_FEED=>""Muted Activities in Feed""}"
40564285,43847959,"{:BOOST_ACTIVITIES_IN_FEED=>""Boost Activities in Feed"", :NOTIFY_ACTIVITIES=>""Subscribed to Activity Notifications on Upload"", :MUTE_IN_FEED=>""Muted Activities in Feed""}"
40564285,62449664,"{:BOOST_ACTIVITIES_IN_FEED=>""Boost Activities in Feed"", :NOTIFY_ACTIVITIES=>""Subscribed to Activity Notifications on Upload"", :MUTE_IN_FEED=>""Muted Activities in Feed""}"
40564285,14006725,"{:BOOST_ACTIVITIES_IN_FEED=>""Boost Activities in Feed"", :NOTIFY_ACTIVITIES=>""Subscribed to Activity Notifications on Upload"", :MUTE_IN_FEED=>""Muted Activities in Feed""}"
40564285,43262936,"{:BOOST_ACTIVITIES_IN_FEED=>""Boost Activities in Feed"", :NOTIFY_ACTIVITIES=>""Subscribed to Activity Notifications on Upload"", :MUTE_IN_FEED=>""Muted Activities in Feed""}"
40564285,37079446,"{:BOOST_ACTIVITIES_IN_FEED=>""Boost Activities in Feed"", :NOTIFY_ACTIVITIES=>""Subscribed to Activity Notifications on Upload"", :MUTE_IN_FEED=>""Muted Activities in Feed""}"
40564285,108197497,"{:BOOST_ACTIVITIES_IN_FEED=>""Boost Activities in Feed"", :NOTIFY_ACTIVITIES=>""Subscribed to Activity Notifications on Upload"", :MUTE_IN_FEED=>""Muted Activities in Feed""}"
40564285,40809813,"{:BOOST_ACTIVITIES_IN_FEED=>""Boost Activities in Feed"", :NOTIFY_ACTIVITIES=>""Subscribed to Activity Notifications on Upload"", :MUTE_IN_FEED=>""Muted Activities in Feed""}"
40564285,46855954,"{:BOOST_ACTIVITIES_IN_FEED=>""Boost Activities in Feed"", :NOTIFY_ACTIVITIES=>""Subscribed to Activity Notifications on Upload"", :MUTE_IN_FEED=>""Muted Activities in Feed""}"
40564285,35749768,"{:BOOST_ACTIVITIES_IN_FEED=>""Boost Activities in Feed"", :NOTIFY_ACTIVITIES=>""Subscribed to Activity Notifications on Upload"", :MUTE_IN_FEED=>""Muted Activities in Feed""}"
40564285,90313090,"{:BOOST_ACTIVITIES_IN_FEED=>""Boost Activities in Feed"", :NOTIFY_ACTIVITIES=>""Subscribed to Activity Notifications on Upload"", :MUTE_IN_FEED=>""Muted Activities in Feed""}"
40564285,36233577,"{:BOOST_ACTIVITIES_IN_FEED=>""Boost Activities in Feed"", :NOTIFY_ACTIVITIES=>""Subscribed to Activity Notifications on Upload"", :MUTE_IN_FEED=>""Muted Activities in Feed""}"
40564285,106849442,"{:BOOST_ACTIVITIES_IN_FEED=>""Boost Activities in Feed"", :NOTIFY_ACTIVITIES=>""Subscribed to Activity Notifications on Upload"", :MUTE_IN_FEED=>""Muted Activities in Feed""}"
40564285,145195171,"{:BOOST_ACTIVITIES_IN_FEED=>""Boost Activities in Feed"", :NOTIFY_ACTIVITIES=>""Subscribed to Activity Notifications on Upload"", :MUTE_IN_FEED=>""Muted Activities in Feed""}"
40564285,56316938,"{:BOOST_ACTIVITIES_IN_FEED=>""Boost Activities in Feed"", :NOTIFY_ACTIVITIES=>""Subscribed to Activity Notifications on Upload"", :MUTE_IN_FEED=>""Muted Activities in Feed""}"
40564285,43053479,"{:BOOST_ACTIVITIES_IN_FEED=>""Boost Activities in Feed"", :NOTIFY_ACTIVITIES=>""Subscribed to Activity Notifications on Upload"", :MUTE_IN_FEED=>""Muted Activities in Feed""}"
40564285,14028070,"{:BOOST_ACTIVITIES_IN_FEED=>""Boost Activities in Feed"", :NOTIFY_ACTIVITIES=>""Subscribed to Activity Notifications on Upload"", :MUTE_IN_FEED=>""Muted Activities in Feed""}"
40564285,39820789,"{:BOOST_ACTIVITIES_IN_FEED=>""Boost Activities in Feed"", :NOTIFY_ACTIVITIES=>""Subscribed to Activity Notifications on Upload"", :MUTE_IN_FEED=>""Muted Activities in Feed""}"
40564285,121176654,"{:BOOST_ACTIVITIES_IN_FEED=>""Boost Activities in Feed"", :NOTIFY_ACTIVITIES=>""Subscribed to Activity Notifications on Upload"", :MUTE_IN_FEED=>""Muted Activities in Feed""}"
40564285,87606697,"{:BOOST_ACTIVITIES_IN_FEED=>""Boost Activities in Feed"", :NOTIFY_ACTIVITIES=>""Subscribed to Activity Notifications on Upload"", :MUTE_IN_FEED=>""Muted Activities in Feed""}"
40564285,48561844,"{:BOOST_ACTIVITIES_IN_FEED=>""Boost Activities in Feed"", :NOTIFY_ACTIVITIES=>""Subscribed to Activity Notifications on Upload"", :MUTE_IN_FEED=>""Muted Activities in Feed""}"
40564285,23741467,"{:BOOST_ACTIVITIES_IN_FEED=>""Boost Activities in Feed"", :NOTIFY_ACTIVITIES=>""Subscribed to Activity Notifications on Upload"", :MUTE_IN_FEED=>""Muted Activities in Feed""}"
40564285,52594034,"{:BOOST_ACTIVITIES_IN_FEED=>""Boost Activities in Feed"", :NOTIFY_ACTIVITIES=>""Subscribed to Activity Notifications on Upload"", :MUTE_IN_FEED=>""Muted Activities in Feed""}"
40564285,38303554,"{:BOOST_ACTIVITIES_IN_FEED=>""Boost Activities in Feed"", :NOTIFY_ACTIVITIES=>""Subscribed to Activity Notifications on Upload"", :MUTE_IN_FEED=>""Muted Activities in Feed""}"
40564285,53557515,"{:BOOST_ACTIVITIES_IN_FEED=>""Boost Activities in Feed"", :NOTIFY_ACTIVITIES=>""Subscribed to Activity Notifications on Upload"", :MUTE_IN_FEED=>""Muted Activities in Feed""}"
40564285,42826806,"{:BOOST_ACTIVITIES_IN_FEED=>""Boost Activities in Feed"", :NOTIFY_ACTIVITIES=>""Subscribed to Activity Notifications on Upload"", :MUTE_IN_FEED=>""Muted Activities in Feed""}"
40564285,36819134,"{:BOOST_ACTIVITIES_IN_FEED=>""Boost Activities in Feed"", :NOTIFY_ACTIVITIES=>""Subscribed to Activity Notifications on Upload"", :MUTE_IN_FEED=>""Muted Activities in Feed""}"
40564285,32522578,"{:BOOST_ACTIVITIES_IN_FEED=>""Boost Activities in Feed"", :NOTIFY_ACTIVITIES=>""Subscribed to Activity Notifications on Upload"", :MUTE_IN_FEED=>""Muted Activities in Feed""}"
40564285,41572511,"{:BOOST_ACTIVITIES_IN_FEED=>""Boost Activities in Feed"", :NOTIFY_ACTIVITIES=>""Subscribed to Activity Notifications on Upload"", :MUTE_IN_FEED=>""Muted Activities in Feed""}"
40564285,88945516,"{:BOOST_ACTIVITIES_IN_FEED=>""Boost Activities in Feed"", :NOTIFY_ACTIVITIES=>""Subscribed to Activity Notifications on Upload"", :MUTE_IN_FEED=>""Muted Activities in Feed""}"
40564285,62109571,"{:BOOST_ACTIVITIES_IN_FEED=>""Boost Activities in Feed"", :NOTIFY_ACTIVITIES=>""Subscribed to Activity Notifications on Upload"", :MUTE_IN_FEED=>""Muted Activities in Feed""}"
40564285,40404934,"{:BOOST_ACTIVITIES_IN_FEED=>""Boost Activities in Feed"", :NOTIFY_ACTIVITIES=>""Subscribed to Activity Notifications on Upload"", :MUTE_IN_FEED=>""Muted Activities in Feed""}"
40564285,26271937,"{:BOOST_ACTIVITIES_IN_FEED=>""Boost Activities in Feed"", :NOTIFY_ACTIVITIES=>""Subscribed to Activity Notifications on Upload"", :MUTE_IN_FEED=>""Muted Activities in Feed""}"
40564285,41843592,"{:BOOST_ACTIVITIES_IN_FEED=>""Boost Activities in Feed"", :NOTIFY_ACTIVITIES=>""Subscribed to Activity Notifications on Upload"", :MUTE_IN_FEED=>""Muted Activities in Feed""}"
40564285,104344047,"{:BOOST_ACTIVITIES_IN_FEED=>""Boost Activities in Feed"", :NOTIFY_ACTIVITIES=>""Subscribed to Activity Notifications on Upload"", :MUTE_IN_FEED=>""Muted Activities in Feed""}"
40564285,33287600,"{:BOOST_ACTIVITIES_IN_FEED=>""Boost Activities in Feed"", :NOTIFY_ACTIVITIES=>""Subscribed to Activity Notifications on Upload"", :MUTE_IN_FEED=>""Muted Activities in Feed""}"
40564285,59164011,"{:BOOST_ACTIVITIES_IN_FEED=>""Boost Activities in Feed"", :NOTIFY_ACTIVITIES=>""Subscribed to Activity Notifications on Upload"", :MUTE_IN_FEED=>""Muted Activities in Feed""}"
40564285,21601183,"{:BOOST_ACTIVITIES_IN_FEED=>""Boost Activities in Feed"", :NOTIFY_ACTIVITIES=>""Subscribed to Activity Notifications on Upload"", :MUTE_IN_FEED=>""Muted Activities in Feed""}"
40564285,54279146,"{:BOOST_ACTIVITIES_IN_FEED=>""Boost Activities in Feed"", :NOTIFY_ACTIVITIES=>""Subscribed to Activity Notifications on Upload"", :MUTE_IN_FEED=>""Muted Activities in Feed""}"
40564285,99773541,"{:BOOST_ACTIVITIES_IN_FEED=>""Boost Activities in Feed"", :NOTIFY_ACTIVITIES=>""Subscribed to Activity Notifications on Upload"", :MUTE_IN_FEED=>""Muted Activities in Feed""}"
40564285,35183548,"{:BOOST_ACTIVITIES_IN_FEED=>""Boost Activities in Feed"", :NOTIFY_ACTIVITIES=>""Subscribed to Activity Notifications on Upload"", :MUTE_IN_FEED=>""Muted Activities in Feed""}"
40564285,119078314,"{:BOOST_ACTIVITIES_IN_FEED=>""Boost Activities in Feed"", :NOTIFY_ACTIVITIES=>""Subscribed to Activity Notifications on Upload"", :MUTE_IN_FEED=>""Muted Activities in Feed""}"
40564285,82469952,"{:BOOST_ACTIVITIES_IN_FEED=>""Boost Activities in Feed"", :NOTIFY_ACTIVITIES=>""Subscribed to Activity Notifications on Upload"", :MUTE_IN_FEED=>""Muted Activities in Feed""}"
40564285,53325309,"{:BOOST_ACTIVITIES_IN_FEED=>""Boost Activities in Feed"", :NOTIFY_ACTIVITIES=>""Subscribed to Activity Notifications on Upload"", :MUTE_IN_FEED=>""Muted Activities in Feed""}"
40564285,5683439,"{:BOOST_ACTIVITIES_IN_FEED=>""Boost Activities in Feed"", :NOTIFY_ACTIVITIES=>""Subscribed to Activity Notifications on Upload"", :MUTE_IN_FEED=>""Muted Activities in Feed""}"
40564285,46746285,"{:BOOST_ACTIVITIES_IN_FEED=>""Boost Activities in Feed"", :NOTIFY_ACTIVITIES=>""Subscribed to Activity Notifications on Upload"", :MUTE_IN_FEED=>""Muted Activities in Feed""}"
40564285,17395853,"{:BOOST_ACTIVITIES_IN_FEED=>""Boost Activities in Feed"", :NOTIFY_ACTIVITIES=>""Subscribed to Activity Notifications on Upload"", :MUTE_IN_FEED=>""Muted Activities in Feed""}"
40564285,22066007,"{:BOOST_ACTIVITIES_IN_FEED=>""Boost Activities in Feed"", :NOTIFY_ACTIVITIES=>""Subscribed to Activity Notifications on Upload"", :MUTE_IN_FEED=>""Muted Activities in Feed""}"
40564285,109144954,"{:BOOST_ACTIVITIES_IN_FEED=>""Boost Activities in Feed"", :NOTIFY_ACTIVITIES=>""Subscribed to Activity Notifications on Upload"", :MUTE_IN_FEED=>""Muted Activities in Feed""}"
40564285,29244253,"{:BOOST_ACTIVITIES_IN_FEED=>""Boost Activities in Feed"", :NOTIFY_ACTIVITIES=>""Subscribed to Activity Notifications on Upload"", :MUTE_IN_FEED=>""Muted Activities in Feed""}"
40564285,23611380,"{:BOOST_ACTIVITIES_IN_FEED=>""Boost Activities in Feed"", :NOTIFY_ACTIVITIES=>""Subscribed to Activity Notifications on Upload"", :MUTE_IN_FEED=>""Muted Activities in Feed""}"
40564285,20467029,"{:BOOST_ACTIVITIES_IN_FEED=>""Boost Activities in Feed"", :NOTIFY_ACTIVITIES=>""Subscribed to Activity Notifications on Upload"", :MUTE_IN_FEED=>""Muted Activities in Feed""}"
40564285,68492935,"{:BOOST_ACTIVITIES_IN_FEED=>""Boost Activities in Feed"", :NOTIFY_ACTIVITIES=>""Subscribed to Activity Notifications on Upload"", :MUTE_IN_FEED=>""Muted Activities in Feed""}"
40564285,66383612,"{:BOOST_ACTIVITIES_IN_FEED=>""Boost Activities in Feed"", :NOTIFY_ACTIVITIES=>""Subscribed to Activity Notifications on Upload"", :MUTE_IN_FEED=>""Muted Activities in Feed""}"
40564285,52188193,"{:BOOST_ACTIVITIES_IN_FEED=>""Boost Activities in Feed"", :NOTIFY_ACTIVITIES=>""Subscribed to Activity Notifications on Upload"", :MUTE_IN_FEED=>""Muted Activities in Feed""}"
40564285,35367650,"{:BOOST_ACTIVITIES_IN_FEED=>""Boost Activities in Feed"", :NOTIFY_ACTIVITIES=>""Subscribed to Activity Notifications on Upload"", :MUTE_IN_FEED=>""Muted Activities in Feed""}"
40564285,40176342,"{:BOOST_ACTIVITIES_IN_FEED=>""Boost Activities in Feed"", :NOTIFY_ACTIVITIES=>""Subscribed to Activity Notifications on Upload"", :MUTE_IN_FEED=>""Muted Activities in Feed""}"
40564285,74530628,"{:BOOST_ACTIVITIES_IN_FEED=>""Boost Activities in Feed"", :NOTIFY_ACTIVITIES=>""Subscribed to Activity Notifications on Upload"", :MUTE_IN_FEED=>""Muted Activities in Feed""}"
40564285,72452900,"{:BOOST_ACTIVITIES_IN_FEED=>""Boost Activities in Feed"", :NOTIFY_ACTIVITIES=>""Subscribed to Activity Notifications on Upload"", :MUTE_IN_FEED=>""Muted Activities in Feed""}"
40564285,27122387,"{:BOOST_ACTIVITIES_IN_FEED=>""Boost Activities in Feed"", :NOTIFY_ACTIVITIES=>""Subscribed to Activity Notifications on Upload"", :MUTE_IN_FEED=>""Muted Activities in Feed""}"
40564285,49596117,"{:BOOST_ACTIVITIES_IN_FEED=>""Boost Activities in Feed"", :NOTIFY_ACTIVITIES=>""Subscribed to Activity Notifications on Upload"", :MUTE_IN_FEED=>""Muted Activities in Feed""}"
40564285,48004284,"{:BOOST_ACTIVITIES_IN_FEED=>""Boost Activities in Feed"", :NOTIFY_ACTIVITIES=>""Subscribed to Activity Notifications on Upload"", :MUTE_IN_FEED=>""Muted Activities in Feed""}"
40564285,53321340,"{:BOOST_ACTIVITIES_IN_FEED=>""Boost Activities in Feed"", :NOTIFY_ACTIVITIES=>""Subscribed to Activity Notifications on Upload"", :MUTE_IN_FEED=>""Muted Activities in Feed""}"
40564285,108069564,"{:BOOST_ACTIVITIES_IN_FEED=>""Boost Activities in Feed"", :NOTIFY_ACTIVITIES=>""Subscribed to Activity Notifications on Upload"", :MUTE_IN_FEED=>""Muted Activities in Feed""}"
40564285,38616256,"{:BOOST_ACTIVITIES_IN_FEED=>""Boost Activities in Feed"", :NOTIFY_ACTIVITIES=>""Subscribed to Activity Notifications on Upload"", :MUTE_IN_FEED=>""Muted Activities in Feed""}"
40564285,35092668,"{:BOOST_ACTIVITIES_IN_FEED=>""Boost Activities in Feed"", :NOTIFY_ACTIVITIES=>""Subscribed to Activity Notifications on Upload"", :MUTE_IN_FEED=>""Muted Activities in Feed""}"
40564285,26839431,"{:BOOST_ACTIVITIES_IN_FEED=>""Boost Activities in Feed"", :NOTIFY_ACTIVITIES=>""Subscribed to Activity Notifications on Upload"", :MUTE_IN_FEED=>""Muted Activities in Feed""}"
40564285,34192755,"{:BOOST_ACTIVITIES_IN_FEED=>""Boost Activities in Feed"", :NOTIFY_ACTIVITIES=>""Subscribed to Activity Notifications on Upload"", :MUTE_IN_FEED=>""Muted Activities in Feed""}"
40564285,65978939,"{:BOOST_ACTIVITIES_IN_FEED=>""Boost Activities in Feed"", :NOTIFY_ACTIVITIES=>""Subscribed to Activity Notifications on Upload"", :MUTE_IN_FEED=>""Muted Activities in Feed""}"
40564285,45786941,"{:BOOST_ACTIVITIES_IN_FEED=>""Boost Activities in Feed"", :NOTIFY_ACTIVITIES=>""Subscribed to Activity Notifications on Upload"", :MUTE_IN_FEED=>""Muted Activities in Feed""}"
40564285,41803132,"{:BOOST_ACTIVITIES_IN_FEED=>""Boost Activities in Feed"", :NOTIFY_ACTIVITIES=>""Subscribed to Activity Notifications on Upload"", :MUTE_IN_FEED=>""Muted Activities in Feed""}"
40564285,96073251,"{:BOOST_ACTIVITIES_IN_FEED=>""Boost Activities in Feed"", :NOTIFY_ACTIVITIES=>""Subscribed to Activity Notifications on Upload"", :MUTE_IN_FEED=>""Muted Activities in Feed""}"
40564285,61438163,"{:BOOST_ACTIVITIES_IN_FEED=>""Boost Activities in Feed"", :NOTIFY_ACTIVITIES=>""Subscribed to Activity Notifications on Upload"", :MUTE_IN_FEED=>""Muted Activities in Feed""}"
40564285,26171691,"{:BOOST_ACTIVITIES_IN_FEED=>""Boost Activities in Feed"", :NOTIFY_ACTIVITIES=>""Subscribed to Activity Notifications on Upload"", :MUTE_IN_FEED=>""Muted Activities in Feed""}"
40564285,39749006,"{:BOOST_ACTIVITIES_IN_FEED=>""Boost Activities in Feed"", :NOTIFY_ACTIVITIES=>""Subscribed to Activity Notifications on Upload"", :MUTE_IN_FEED=>""Muted Activities in Feed""}"
40564285,14778699,"{:BOOST_ACTIVITIES_IN_FEED=>""Boost Activities in Feed"", :NOTIFY_ACTIVITIES=>""Subscribed to Activity Notifications on Upload"", :MUTE_IN_FEED=>""Muted Activities in Feed""}"
40564285,61629858,"{:BOOST_ACTIVITIES_IN_FEED=>""Boost Activities in Feed"", :NOTIFY_ACTIVITIES=>""Subscribed to Activity Notifications on Upload"", :MUTE_IN_FEED=>""Muted Activities in Feed""}"
40564285,47966468,"{:BOOST_ACTIVITIES_IN_FEED=>""Boost Activities in Feed"", :NOTIFY_ACTIVITIES=>""Subscribed to Activity Notifications on Upload"", :MUTE_IN_FEED=>""Muted Activities in Feed""}"
40564285,20572221,"{:BOOST_ACTIVITIES_IN_FEED=>""Boost Activities in Feed"", :NOTIFY_ACTIVITIES=>""Subscribed to Activity Notifications on Upload"", :MUTE_IN_FEED=>""Muted Activities in Feed""}"
40564285,140677362,"{:BOOST_ACTIVITIES_IN_FEED=>""Boost Activities in Feed"", :NOTIFY_ACTIVITIES=>""Subscribed to Activity Notifications on Upload"", :MUTE_IN_FEED=>""Muted Activities in Feed""}"
40564285,65663467,"{:BOOST_ACTIVITIES_IN_FEED=>""Boost Activities in Feed"", :NOTIFY_ACTIVITIES=>""Subscribed to Activity Notifications on Upload"", :MUTE_IN_FEED=>""Muted Activities in Feed""}"
40564285,73704997,"{:BOOST_ACTIVITIES_IN_FEED=>""Boost Activities in Feed"", :NOTIFY_ACTIVITIES=>""Subscribed to Activity Notifications on Upload"", :MUTE_IN_FEED=>""Muted Activities in Feed""}"
40564285,22252026,"{:BOOST_ACTIVITIES_IN_FEED=>""Boost Activities in Feed"", :NOTIFY_ACTIVITIES=>""Subscribed to Activity Notifications on Upload"", :MUTE_IN_FEED=>""Muted Activities in Feed""}"
40564285,44046609,"{:BOOST_ACTIVITIES_IN_FEED=>""Boost Activities in Feed"", :NOTIFY_ACTIVITIES=>""Subscribed to Activity Notifications on Upload"", :MUTE_IN_FEED=>""Muted Activities in Feed""}"
40564285,86899776,"{:BOOST_ACTIVITIES_IN_FEED=>""Boost Activities in Feed"", :NOTIFY_ACTIVITIES=>""Subscribed to Activity Notifications on Upload"", :MUTE_IN_FEED=>""Muted Activities in Feed""}"
40564285,40032927,"{:BOOST_ACTIVITIES_IN_FEED=>""Boost Activities in Feed"", :NOTIFY_ACTIVITIES=>""Subscribed to Activity Notifications on Upload"", :MUTE_IN_FEED=>""Muted Activities in Feed""}"
40564285,24121196,"{:BOOST_ACTIVITIES_IN_FEED=>""Boost Activities in Feed"", :NOTIFY_ACTIVITIES=>""Subscribed to Activity Notifications on Upload"", :MUTE_IN_FEED=>""Muted Activities in Feed""}"
40564285,26240156,"{:BOOST_ACTIVITIES_IN_FEED=>""Boost Activities in Feed"", :NOTIFY_ACTIVITIES=>""Subscribed to Activity Notifications on Upload"", :MUTE_IN_FEED=>""Muted Activities in Feed""}"
40564285,36504793,"{:BOOST_ACTIVITIES_IN_FEED=>""Boost Activities in Feed"", :NOTIFY_ACTIVITIES=>""Subscribed to Activity Notifications on Upload"", :MUTE_IN_FEED=>""Muted Activities in Feed""}"
40564285,19381455,"{:BOOST_ACTIVITIES_IN_FEED=>""Boost Activities in Feed"", :NOTIFY_ACTIVITIES=>""Subscribed to Activity Notifications on Upload"", :MUTE_IN_FEED=>""Muted Activities in Feed""}"
40564285,49460957,"{:BOOST_ACTIVITIES_IN_FEED=>""Boost Activities in Feed"", :NOTIFY_ACTIVITIES=>""Subscribed to Activity Notifications on Upload"", :MUTE_IN_FEED=>""Muted Activities in Feed""}"
40564285,61527126,"{:BOOST_ACTIVITIES_IN_FEED=>""Boost Activities in Feed"", :NOTIFY_ACTIVITIES=>""Subscribed to Activity Notifications on Upload"", :MUTE_IN_FEED=>""Muted Activities in Feed""}"
40564285,49294577,"{:BOOST_ACTIVITIES_IN_FEED=>""Boost Activities in Feed"", :NOTIFY_ACTIVITIES=>""Subscribed to Activity Notifications on Upload"", :MUTE_IN_FEED=>""Muted Activities in Feed""}"
40564285,65285815,"{:BOOST_ACTIVITIES_IN_FEED=>""Boost Activities in Feed"", :NOTIFY_ACTIVITIES=>""Subscribed to Activity Notifications on Upload"", :MUTE_IN_FEED=>""Muted Activities in Feed""}"
40564285,47501189,"{:BOOST_ACTIVITIES_IN_FEED=>""Boost Activities in Feed"", :NOTIFY_ACTIVITIES=>""Subscribed to Activity Notifications on Upload"", :MUTE_IN_FEED=>""Muted Activities in Feed""}"
40564285,96705937,"{:BOOST_ACTIVITIES_IN_FEED=>""Boost Activities in Feed"", :NOTIFY_ACTIVITIES=>""Subscribed to Activity Notifications on Upload"", :MUTE_IN_FEED=>""Muted Activities in Feed""}"
40564285,127077072,"{:BOOST_ACTIVITIES_IN_FEED=>""Boost Activities in Feed"", :NOTIFY_ACTIVITIES=>""Subscribed to Activity Notifications on Upload"", :MUTE_IN_FEED=>""Muted Activities in Feed""}"
40564285,31674751,"{:BOOST_ACTIVITIES_IN_FEED=>""Boost Activities in Feed"", :NOTIFY_ACTIVITIES=>""Subscribed to Activity Notifications on Upload"", :MUTE_IN_FEED=>""Muted Activities in Feed""}"
40564285,43962377,"{:BOOST_ACTIVITIES_IN_FEED=>""Boost Activities in Feed"", :NOTIFY_ACTIVITIES=>""Subscribed to Activity Notifications on Upload"", :MUTE_IN_FEED=>""Muted Activities in Feed""}"
40564285,26277044,"{:BOOST_ACTIVITIES_IN_FEED=>""Boost Activities in Feed"", :NOTIFY_ACTIVITIES=>""Subscribed to Activity Notifications on Upload"", :MUTE_IN_FEED=>""Muted Activities in Feed""}"
40564285,48923789,"{:BOOST_ACTIVITIES_IN_FEED=>""Boost Activities in Feed"", :NOTIFY_ACTIVITIES=>""Subscribed to Activity Notifications on Upload"", :MUTE_IN_FEED=>""Muted Activities in Feed""}"
40564285,35675337,"{:BOOST_ACTIVITIES_IN_FEED=>""Boost Activities in Feed"", :NOTIFY_ACTIVITIES=>""Subscribed to Activity Notifications on Upload"", :MUTE_IN_FEED=>""Muted Activities in Feed""}"
40564285,66422417,"{:BOOST_ACTIVITIES_IN_FEED=>""Boost Activities in Feed"", :NOTIFY_ACTIVITIES=>""Subscribed to Activity Notifications on Upload"", :MUTE_IN_FEED=>""Muted Activities in Feed""}"
40564285,20612961,"{:BOOST_ACTIVITIES_IN_FEED=>""Boost Activities in Feed"", :NOTIFY_ACTIVITIES=>""Subscribed to Activity Notifications on Upload"", :MUTE_IN_FEED=>""Muted Activities in Feed""}"
40564285,58980535,"{:BOOST_ACTIVITIES_IN_FEED=>""Boost Activities in Feed"", :NOTIFY_ACTIVITIES=>""Subscribed to Activity Notifications on Upload"", :MUTE_IN_FEED=>""Muted Activities in Feed""}"
40564285,49067715,"{:BOOST_ACTIVITIES_IN_FEED=>""Boost Activities in Feed"", :NOTIFY_ACTIVITIES=>""Subscribed to Activity Notifications on Upload"", :MUTE_IN_FEED=>""Muted Activities in Feed""}"
40564285,29271386,"{:BOOST_ACTIVITIES_IN_FEED=>""Boost Activities in Feed"", :NOTIFY_ACTIVITIES=>""Subscribed to Activity Notifications on Upload"", :MUTE_IN_FEED=>""Muted Activities in Feed""}"
40564285,7451463,"{:BOOST_ACTIVITIES_IN_FEED=>""Boost Activities in Feed"", :NOTIFY_ACTIVITIES=>""Subscribed to Activity Notifications on Upload"", :MUTE_IN_FEED=>""Muted Activities in Feed""}"
40564285,28496267,"{:BOOST_ACTIVITIES_IN_FEED=>""Boost Activities in Feed"", :NOTIFY_ACTIVITIES=>""Subscribed to Activity Notifications on Upload"", :MUTE_IN_FEED=>""Muted Activities in Feed""}"
40564285,43367404,"{:BOOST_ACTIVITIES_IN_FEED=>""Boost Activities in Feed"", :NOTIFY_ACTIVITIES=>""Subscribed to Activity Notifications on Upload"", :MUTE_IN_FEED=>""Muted Activities in Feed""}"
40564285,99773224,"{:BOOST_ACTIVITIES_IN_FEED=>""Boost Activities in Feed"", :NOTIFY_ACTIVITIES=>""Subscribed to Activity Notifications on Upload"", :MUTE_IN_FEED=>""Muted Activities in Feed""}"
40564285,23142669,"{:BOOST_ACTIVITIES_IN_FEED=>""Boost Activities in Feed"", :NOTIFY_ACTIVITIES=>""Subscribed to Activity Notifications on Upload"", :MUTE_IN_FEED=>""Muted Activities in Feed""}"
40564285,43594479,"{:BOOST_ACTIVITIES_IN_FEED=>""Boost Activities in Feed"", :NOTIFY_ACTIVITIES=>""Subscribed to Activity Notifications on Upload"", :MUTE_IN_FEED=>""Muted Activities in Feed""}"
40564285,22688626,"{:BOOST_ACTIVITIES_IN_FEED=>""Boost Activities in Feed"", :NOTIFY_ACTIVITIES=>""Subscribed to Activity Notifications on Upload"", :MUTE_IN_FEED=>""Muted Activities in Feed""}"
40564285,84327517,"{:BOOST_ACTIVITIES_IN_FEED=>""Boost Activities in Feed"", :NOTIFY_ACTIVITIES=>""Subscribed to Activity Notifications on Upload"", :MUTE_IN_FEED=>""Muted Activities in Feed""}"
40564285,26261323,"{:BOOST_ACTIVITIES_IN_FEED=>""Boost Activities in Feed"", :NOTIFY_ACTIVITIES=>""Subscribed to Activity Notifications on Upload"", :MUTE_IN_FEED=>""Muted Activities in Feed""}"
40564285,49436360,"{:BOOST_ACTIVITIES_IN_FEED=>""Boost Activities in Feed"", :NOTIFY_ACTIVITIES=>""Subscribed to Activity Notifications on Upload"", :MUTE_IN_FEED=>""Muted Activities in Feed""}"
40564285,41015042,"{:BOOST_ACTIVITIES_IN_FEED=>""Boost Activities in Feed"", :NOTIFY_ACTIVITIES=>""Subscribed to Activity Notifications on Upload"", :MUTE_IN_FEED=>""Muted Activities in Feed""}"
40564285,39269295,"{:BOOST_ACTIVITIES_IN_FEED=>""Boost Activities in Feed"", :NOTIFY_ACTIVITIES=>""Subscribed to Activity Notifications on Upload"", :MUTE_IN_FEED=>""Muted Activities in Feed""}"
40564285,34209602,"{:BOOST_ACTIVITIES_IN_FEED=>""Boost Activities in Feed"", :NOTIFY_ACTIVITIES=>""Subscribed to Activity Notifications on Upload"", :MUTE_IN_FEED=>""Muted Activities in Feed""}"
40564285,40544004,"{:BOOST_ACTIVITIES_IN_FEED=>""Boost Activities in Feed"", :NOTIFY_ACTIVITIES=>""Subscribed to Activity Notifications on Upload"", :MUTE_IN_FEED=>""Muted Activities in Feed""}"
40564285,148034288,"{:BOOST_ACTIVITIES_IN_FEED=>""Boost Activities in Feed"", :NOTIFY_ACTIVITIES=>""Subscribed to Activity Notifications on Upload"", :MUTE_IN_FEED=>""Muted Activities in Feed""}"
40564285,81581172,"{:BOOST_ACTIVITIES_IN_FEED=>""Boost Activities in Feed"", :NOTIFY_ACTIVITIES=>""Subscribed to Activity Notifications on Upload"", :MUTE_IN_FEED=>""Muted Activities in Feed""}"
40564285,108069564,Boost Activities in Feed
40564285,49436360,Boost Activities in Feed
40564285,49436360,Subscribed to Activity Notifications on Upload
